company_id,metrics_available,average_score,Performance
HDFCBANK,13,18.384615384615383,Good
INFY,13,16.53846153846154,Good
SBILIFE,11,12.818181818181818,Good
TCS,13,19.153846153846157,Good
WIPRO,12,13.333333333333334,Good
