company_id,metrics_available,average_score
HDFCBANK,13,18.384615384615383
INFY,13,16.53846153846154
SBILIFE,11,12.818181818181818
TCS,13,19.153846153846153
WIPRO,12,13.333333333333334
