company_id,roe,opm_percentage,net_profit,eps,profit_before_tax,valuation_score,valuation_rating,cluster_id,cluster_name
COALINDIA,0.0,44232.0,31723,52.0,43275,22786.5,Strong,0,High Growth
COALINDIA,0.0,44232.0,31723,52.0,43275,22786.5,Strong,0,High Growth
COALINDIA,0.0,44232.0,31723,52.0,43275,22786.5,Strong,0,High Growth
COALINDIA,0.0,44232.0,31723,52.0,43275,22786.5,Strong,0,High Growth
COALINDIA,0.0,44232.0,31723,52.0,43275,22786.5,Strong,2,Value
COALINDIA,0.0,44232.0,31723,52.0,43275,22786.5,Strong,2,Value
COALINDIA,0.0,44232.0,31723,52.0,43275,22786.5,Strong,0,High Growth
COALINDIA,0.0,44232.0,31723,52.0,43275,22786.5,Strong,0,High Growth
COALINDIA,0.0,44232.0,31723,52.0,43275,22786.5,Strong,0,High Growth
COALINDIA,0.0,44232.0,31723,52.0,43275,22786.5,Strong,0,High Growth
COALINDIA,0.0,44232.0,31723,52.0,43275,22786.5,Strong,0,High Growth
COALINDIA,0.0,44232.0,31723,52.0,43275,22786.5,Strong,0,High Growth
COALINDIA,0.0,44232.0,31723,52.0,43275,22786.5,Strong,0,High Growth
COALINDIA,0.0,47971.0,37369,61.0,48813,25602.0,Strong,0,High Growth
COALINDIA,0.0,47971.0,37369,61.0,48813,25602.0,Strong,0,High Growth
COALINDIA,0.0,47971.0,37369,61.0,48813,25602.0,Strong,0,High Growth
COALINDIA,0.0,47971.0,37369,61.0,48813,25602.0,Strong,0,High Growth
COALINDIA,0.0,47971.0,37369,61.0,48813,25602.0,Strong,2,Value
COALINDIA,0.0,47971.0,37369,61.0,48813,25602.0,Strong,2,Value
COALINDIA,0.0,47971.0,37369,61.0,48813,25602.0,Strong,0,High Growth
COALINDIA,0.0,47971.0,37369,61.0,48813,25602.0,Strong,0,High Growth
COALINDIA,0.0,47971.0,37369,61.0,48813,25602.0,Strong,0,High Growth
COALINDIA,0.0,47971.0,37369,61.0,48813,25602.0,Strong,0,High Growth
COALINDIA,0.0,47971.0,37369,61.0,48813,25602.0,Strong,0,High Growth
COALINDIA,0.0,47971.0,37369,61.0,48813,25602.0,Strong,0,High Growth
COALINDIA,0.0,47971.0,37369,61.0,48813,25602.0,Strong,0,High Growth
COALINDIA,0.0,46610.0,34350,56.0,45523,24288.0,Strong,0,High Growth
COALINDIA,0.0,46610.0,34350,56.0,45523,24288.0,Strong,0,High Growth
COALINDIA,0.0,46610.0,34350,56.0,45523,24288.0,Strong,0,High Growth
COALINDIA,0.0,46610.0,34350,56.0,45523,24288.0,Strong,0,High Growth
COALINDIA,0.0,46610.0,34350,56.0,45523,24288.0,Strong,2,Value
COALINDIA,0.0,46610.0,34350,56.0,45523,24288.0,Strong,2,Value
COALINDIA,0.0,46610.0,34350,56.0,45523,24288.0,Strong,0,High Growth
COALINDIA,0.0,46610.0,34350,56.0,45523,24288.0,Strong,0,High Growth
COALINDIA,0.0,46610.0,34350,56.0,45523,24288.0,Strong,0,High Growth
COALINDIA,0.0,46610.0,34350,56.0,45523,24288.0,Strong,0,High Growth
COALINDIA,0.0,46610.0,34350,56.0,45523,24288.0,Strong,0,High Growth
COALINDIA,0.0,46610.0,34350,56.0,45523,24288.0,Strong,0,High Growth
COALINDIA,0.0,46610.0,34350,56.0,45523,24288.0,Strong,0,High Growth
HDFCBANK,10.0,20795.0,38151,69.0,50873,17687.8,Strong,2,Value
HDFCBANK,10.0,20795.0,38151,69.0,50873,17687.8,Strong,2,Value
HDFCBANK,10.0,20795.0,38151,69.0,50873,17687.8,Strong,2,Value
HDFCBANK,10.0,20795.0,38151,69.0,50873,17687.8,Strong,2,Value
HDFCBANK,10.0,20795.0,38151,69.0,50873,17687.8,Strong,2,Value
HDFCBANK,10.0,20795.0,38151,69.0,50873,17687.8,Strong,2,Value
HDFCBANK,10.0,20795.0,38151,69.0,50873,17687.8,Strong,2,Value
HDFCBANK,10.0,20795.0,38151,69.0,50873,17687.8,Strong,2,Value
HDFCBANK,10.0,20795.0,38151,69.0,50873,17687.8,Strong,2,Value
HDFCBANK,10.0,20795.0,38151,69.0,50873,17687.8,Strong,2,Value
HDFCBANK,10.0,20795.0,38151,69.0,50873,17687.8,Strong,2,Value
HDFCBANK,10.0,20795.0,38151,69.0,50873,17687.8,Strong,2,Value
HDFCBANK,10.0,20795.0,38151,69.0,50873,17687.8,Strong,2,Value
HDFCBANK,10.0,20795.0,38151,69.0,50873,17687.8,Strong,2,Value
HDFCBANK,10.0,20795.0,38151,69.0,50873,17687.8,Strong,2,Value
HDFCBANK,10.0,20795.0,38151,69.0,50873,17687.8,Strong,2,Value
HDFCBANK,10.0,20795.0,38151,69.0,50873,17687.8,Strong,2,Value
HDFCBANK,10.0,20795.0,38151,69.0,50873,17687.8,Strong,2,Value
HDFCBANK,10.0,20795.0,38151,69.0,50873,17687.8,Strong,2,Value
HDFCBANK,10.0,20795.0,38151,69.0,50873,17687.8,Strong,2,Value
HDFCBANK,10.0,20795.0,38151,69.0,50873,17687.8,Strong,0,High Growth
HDFCBANK,10.0,20795.0,38151,69.0,50873,17687.8,Strong,0,High Growth
HDFCBANK,10.0,20795.0,38151,69.0,50873,17687.8,Strong,0,High Growth
HDFCBANK,10.0,20795.0,38151,69.0,50873,17687.8,Strong,0,High Growth
HDFCBANK,10.0,20795.0,38151,69.0,50873,17687.8,Strong,0,High Growth
HDFCBANK,10.0,20795.0,38151,69.0,50873,17687.8,Strong,0,High Growth
HDFCBANK,10.0,20795.0,38151,69.0,50873,17687.8,Strong,0,High Growth
HDFCBANK,10.0,20795.0,38151,69.0,50873,17687.8,Strong,0,High Growth
HDFCBANK,10.0,20795.0,38151,69.0,50873,17687.8,Strong,0,High Growth
HDFCBANK,10.0,20795.0,38151,69.0,50873,17687.8,Strong,0,High Growth
HDFCBANK,10.0,20795.0,38151,69.0,50873,17687.8,Strong,0,High Growth
HDFCBANK,10.0,20795.0,38151,69.0,50873,17687.8,Strong,0,High Growth
HDFCBANK,10.0,20795.0,38151,69.0,50873,17687.8,Strong,0,High Growth
HDFCBANK,10.0,20795.0,38151,69.0,50873,17687.8,Strong,0,High Growth
HDFCBANK,10.0,20795.0,38151,69.0,50873,17687.8,Strong,0,High Growth
HDFCBANK,10.0,20795.0,38151,69.0,50873,17687.8,Strong,0,High Growth
HDFCBANK,10.0,20795.0,38151,69.0,50873,17687.8,Strong,0,High Growth
HDFCBANK,10.0,20795.0,38151,69.0,50873,17687.8,Strong,0,High Growth
HDFCBANK,10.0,20795.0,38151,69.0,50873,17687.8,Strong,0,High Growth
HDFCBANK,10.0,20795.0,38151,69.0,50873,17687.8,Strong,0,High Growth
HDFCBANK,10.0,20795.0,38151,69.0,50873,17687.8,Strong,0,High Growth
HDFCBANK,10.0,20795.0,38151,69.0,50873,17687.8,Strong,0,High Growth
HDFCBANK,10.0,20795.0,38151,69.0,50873,17687.8,Strong,0,High Growth
HDFCBANK,10.0,20795.0,38151,69.0,50873,17687.8,Strong,0,High Growth
HDFCBANK,10.0,20795.0,38151,69.0,50873,17687.8,Strong,4,Emerging
HDFCBANK,10.0,20795.0,38151,69.0,50873,17687.8,Strong,4,Emerging
HDFCBANK,10.0,20795.0,38151,69.0,50873,17687.8,Strong,4,Emerging
HDFCBANK,10.0,20795.0,38151,69.0,50873,17687.8,Strong,4,Emerging
HDFCBANK,10.0,20795.0,38151,69.0,50873,17687.8,Strong,4,Emerging
HDFCBANK,10.0,20795.0,38151,69.0,50873,17687.8,Strong,4,Emerging
HDFCBANK,10.0,20795.0,38151,69.0,50873,17687.8,Strong,4,Emerging
HDFCBANK,10.0,20795.0,38151,69.0,50873,17687.8,Strong,4,Emerging
HDFCBANK,5.0,20795.0,38151,69.0,50873,17685.8,Strong,2,Value
HDFCBANK,5.0,20795.0,38151,69.0,50873,17685.8,Strong,2,Value
HDFCBANK,5.0,20795.0,38151,69.0,50873,17685.8,Strong,2,Value
HDFCBANK,5.0,20795.0,38151,69.0,50873,17685.8,Strong,2,Value
HDFCBANK,5.0,20795.0,38151,69.0,50873,17685.8,Strong,2,Value
HDFCBANK,5.0,20795.0,38151,69.0,50873,17685.8,Strong,2,Value
HDFCBANK,5.0,20795.0,38151,69.0,50873,17685.8,Strong,2,Value
HDFCBANK,5.0,20795.0,38151,69.0,50873,17685.8,Strong,2,Value
HDFCBANK,5.0,20795.0,38151,69.0,50873,17685.8,Strong,2,Value
HDFCBANK,5.0,20795.0,38151,69.0,50873,17685.8,Strong,2,Value
HDFCBANK,5.0,20795.0,38151,69.0,50873,17685.8,Strong,2,Value
HDFCBANK,5.0,20795.0,38151,69.0,50873,17685.8,Strong,2,Value
HDFCBANK,5.0,20795.0,38151,69.0,50873,17685.8,Strong,2,Value
HDFCBANK,5.0,20795.0,38151,69.0,50873,17685.8,Strong,2,Value
HDFCBANK,5.0,20795.0,38151,69.0,50873,17685.8,Strong,2,Value
HDFCBANK,5.0,20795.0,38151,69.0,50873,17685.8,Strong,2,Value
HDFCBANK,5.0,20795.0,38151,69.0,50873,17685.8,Strong,2,Value
HDFCBANK,5.0,20795.0,38151,69.0,50873,17685.8,Strong,2,Value
HDFCBANK,5.0,20795.0,38151,69.0,50873,17685.8,Strong,2,Value
HDFCBANK,5.0,20795.0,38151,69.0,50873,17685.8,Strong,2,Value
HDFCBANK,5.0,20795.0,38151,69.0,50873,17685.8,Strong,0,High Growth
HDFCBANK,5.0,20795.0,38151,69.0,50873,17685.8,Strong,0,High Growth
HDFCBANK,5.0,20795.0,38151,69.0,50873,17685.8,Strong,0,High Growth
HDFCBANK,5.0,20795.0,38151,69.0,50873,17685.8,Strong,0,High Growth
HDFCBANK,5.0,20795.0,38151,69.0,50873,17685.8,Strong,0,High Growth
HDFCBANK,5.0,20795.0,38151,69.0,50873,17685.8,Strong,0,High Growth
HDFCBANK,5.0,20795.0,38151,69.0,50873,17685.8,Strong,0,High Growth
HDFCBANK,5.0,20795.0,38151,69.0,50873,17685.8,Strong,0,High Growth
HDFCBANK,5.0,20795.0,38151,69.0,50873,17685.8,Strong,0,High Growth
HDFCBANK,5.0,20795.0,38151,69.0,50873,17685.8,Strong,0,High Growth
HDFCBANK,5.0,20795.0,38151,69.0,50873,17685.8,Strong,0,High Growth
HDFCBANK,5.0,20795.0,38151,69.0,50873,17685.8,Strong,0,High Growth
HDFCBANK,5.0,20795.0,38151,69.0,50873,17685.8,Strong,0,High Growth
HDFCBANK,5.0,20795.0,38151,69.0,50873,17685.8,Strong,0,High Growth
HDFCBANK,5.0,20795.0,38151,69.0,50873,17685.8,Strong,0,High Growth
HDFCBANK,5.0,20795.0,38151,69.0,50873,17685.8,Strong,0,High Growth
HDFCBANK,5.0,20795.0,38151,69.0,50873,17685.8,Strong,0,High Growth
HDFCBANK,5.0,20795.0,38151,69.0,50873,17685.8,Strong,0,High Growth
HDFCBANK,5.0,20795.0,38151,69.0,50873,17685.8,Strong,0,High Growth
HDFCBANK,5.0,20795.0,38151,69.0,50873,17685.8,Strong,0,High Growth
HDFCBANK,5.0,20795.0,38151,69.0,50873,17685.8,Strong,0,High Growth
HDFCBANK,5.0,20795.0,38151,69.0,50873,17685.8,Strong,0,High Growth
HDFCBANK,5.0,20795.0,38151,69.0,50873,17685.8,Strong,0,High Growth
HDFCBANK,5.0,20795.0,38151,69.0,50873,17685.8,Strong,0,High Growth
HDFCBANK,5.0,20795.0,38151,69.0,50873,17685.8,Strong,4,Emerging
HDFCBANK,5.0,20795.0,38151,69.0,50873,17685.8,Strong,4,Emerging
HDFCBANK,5.0,20795.0,38151,69.0,50873,17685.8,Strong,4,Emerging
HDFCBANK,5.0,20795.0,38151,69.0,50873,17685.8,Strong,4,Emerging
HDFCBANK,5.0,20795.0,38151,69.0,50873,17685.8,Strong,4,Emerging
HDFCBANK,5.0,20795.0,38151,69.0,50873,17685.8,Strong,4,Emerging
HDFCBANK,5.0,20795.0,38151,69.0,50873,17685.8,Strong,4,Emerging
HDFCBANK,5.0,20795.0,38151,69.0,50873,17685.8,Strong,4,Emerging
HDFCBANK,3.0,20795.0,38151,69.0,50873,17685.0,Strong,2,Value
HDFCBANK,3.0,20795.0,38151,69.0,50873,17685.0,Strong,2,Value
HDFCBANK,3.0,20795.0,38151,69.0,50873,17685.0,Strong,2,Value
HDFCBANK,3.0,20795.0,38151,69.0,50873,17685.0,Strong,2,Value
HDFCBANK,3.0,20795.0,38151,69.0,50873,17685.0,Strong,2,Value
HDFCBANK,3.0,20795.0,38151,69.0,50873,17685.0,Strong,2,Value
HDFCBANK,3.0,20795.0,38151,69.0,50873,17685.0,Strong,2,Value
HDFCBANK,3.0,20795.0,38151,69.0,50873,17685.0,Strong,2,Value
HDFCBANK,3.0,20795.0,38151,69.0,50873,17685.0,Strong,2,Value
HDFCBANK,3.0,20795.0,38151,69.0,50873,17685.0,Strong,2,Value
HDFCBANK,3.0,20795.0,38151,69.0,50873,17685.0,Strong,2,Value
HDFCBANK,3.0,20795.0,38151,69.0,50873,17685.0,Strong,2,Value
HDFCBANK,3.0,20795.0,38151,69.0,50873,17685.0,Strong,2,Value
HDFCBANK,3.0,20795.0,38151,69.0,50873,17685.0,Strong,2,Value
HDFCBANK,3.0,20795.0,38151,69.0,50873,17685.0,Strong,2,Value
HDFCBANK,3.0,20795.0,38151,69.0,50873,17685.0,Strong,2,Value
HDFCBANK,3.0,20795.0,38151,69.0,50873,17685.0,Strong,2,Value
HDFCBANK,3.0,20795.0,38151,69.0,50873,17685.0,Strong,2,Value
HDFCBANK,3.0,20795.0,38151,69.0,50873,17685.0,Strong,2,Value
HDFCBANK,3.0,20795.0,38151,69.0,50873,17685.0,Strong,2,Value
HDFCBANK,3.0,20795.0,38151,69.0,50873,17685.0,Strong,0,High Growth
HDFCBANK,3.0,20795.0,38151,69.0,50873,17685.0,Strong,0,High Growth
HDFCBANK,3.0,20795.0,38151,69.0,50873,17685.0,Strong,0,High Growth
HDFCBANK,3.0,20795.0,38151,69.0,50873,17685.0,Strong,0,High Growth
HDFCBANK,3.0,20795.0,38151,69.0,50873,17685.0,Strong,0,High Growth
HDFCBANK,3.0,20795.0,38151,69.0,50873,17685.0,Strong,0,High Growth
HDFCBANK,3.0,20795.0,38151,69.0,50873,17685.0,Strong,0,High Growth
HDFCBANK,3.0,20795.0,38151,69.0,50873,17685.0,Strong,0,High Growth
HDFCBANK,3.0,20795.0,38151,69.0,50873,17685.0,Strong,0,High Growth
HDFCBANK,3.0,20795.0,38151,69.0,50873,17685.0,Strong,0,High Growth
HDFCBANK,3.0,20795.0,38151,69.0,50873,17685.0,Strong,0,High Growth
HDFCBANK,3.0,20795.0,38151,69.0,50873,17685.0,Strong,0,High Growth
HDFCBANK,3.0,20795.0,38151,69.0,50873,17685.0,Strong,0,High Growth
HDFCBANK,3.0,20795.0,38151,69.0,50873,17685.0,Strong,0,High Growth
HDFCBANK,3.0,20795.0,38151,69.0,50873,17685.0,Strong,0,High Growth
HDFCBANK,3.0,20795.0,38151,69.0,50873,17685.0,Strong,0,High Growth
HDFCBANK,3.0,20795.0,38151,69.0,50873,17685.0,Strong,0,High Growth
HDFCBANK,3.0,20795.0,38151,69.0,50873,17685.0,Strong,0,High Growth
HDFCBANK,3.0,20795.0,38151,69.0,50873,17685.0,Strong,0,High Growth
HDFCBANK,3.0,20795.0,38151,69.0,50873,17685.0,Strong,0,High Growth
HDFCBANK,3.0,20795.0,38151,69.0,50873,17685.0,Strong,0,High Growth
HDFCBANK,3.0,20795.0,38151,69.0,50873,17685.0,Strong,0,High Growth
HDFCBANK,3.0,20795.0,38151,69.0,50873,17685.0,Strong,0,High Growth
HDFCBANK,3.0,20795.0,38151,69.0,50873,17685.0,Strong,0,High Growth
HDFCBANK,3.0,20795.0,38151,69.0,50873,17685.0,Strong,4,Emerging
HDFCBANK,3.0,20795.0,38151,69.0,50873,17685.0,Strong,4,Emerging
HDFCBANK,3.0,20795.0,38151,69.0,50873,17685.0,Strong,4,Emerging
HDFCBANK,3.0,20795.0,38151,69.0,50873,17685.0,Strong,4,Emerging
HDFCBANK,3.0,20795.0,38151,69.0,50873,17685.0,Strong,4,Emerging
HDFCBANK,3.0,20795.0,38151,69.0,50873,17685.0,Strong,4,Emerging
HDFCBANK,3.0,20795.0,38151,69.0,50873,17685.0,Strong,4,Emerging
HDFCBANK,3.0,20795.0,38151,69.0,50873,17685.0,Strong,4,Emerging
HDFCBANK,17.0,20795.0,38151,69.0,50873,17690.6,Strong,2,Value
HDFCBANK,17.0,20795.0,38151,69.0,50873,17690.6,Strong,2,Value
HDFCBANK,17.0,20795.0,38151,69.0,50873,17690.6,Strong,2,Value
HDFCBANK,17.0,20795.0,38151,69.0,50873,17690.6,Strong,2,Value
HDFCBANK,17.0,20795.0,38151,69.0,50873,17690.6,Strong,2,Value
HDFCBANK,17.0,20795.0,38151,69.0,50873,17690.6,Strong,2,Value
HDFCBANK,17.0,20795.0,38151,69.0,50873,17690.6,Strong,2,Value
HDFCBANK,17.0,20795.0,38151,69.0,50873,17690.6,Strong,2,Value
HDFCBANK,17.0,20795.0,38151,69.0,50873,17690.6,Strong,2,Value
HDFCBANK,17.0,20795.0,38151,69.0,50873,17690.6,Strong,2,Value
HDFCBANK,17.0,20795.0,38151,69.0,50873,17690.6,Strong,2,Value
HDFCBANK,17.0,20795.0,38151,69.0,50873,17690.6,Strong,2,Value
HDFCBANK,17.0,20795.0,38151,69.0,50873,17690.6,Strong,2,Value
HDFCBANK,17.0,20795.0,38151,69.0,50873,17690.6,Strong,2,Value
HDFCBANK,17.0,20795.0,38151,69.0,50873,17690.6,Strong,2,Value
HDFCBANK,17.0,20795.0,38151,69.0,50873,17690.6,Strong,2,Value
HDFCBANK,17.0,20795.0,38151,69.0,50873,17690.6,Strong,2,Value
HDFCBANK,17.0,20795.0,38151,69.0,50873,17690.6,Strong,2,Value
HDFCBANK,17.0,20795.0,38151,69.0,50873,17690.6,Strong,2,Value
HDFCBANK,17.0,20795.0,38151,69.0,50873,17690.6,Strong,2,Value
HDFCBANK,17.0,20795.0,38151,69.0,50873,17690.6,Strong,0,High Growth
HDFCBANK,17.0,20795.0,38151,69.0,50873,17690.6,Strong,0,High Growth
HDFCBANK,17.0,20795.0,38151,69.0,50873,17690.6,Strong,0,High Growth
HDFCBANK,17.0,20795.0,38151,69.0,50873,17690.6,Strong,0,High Growth
HDFCBANK,17.0,20795.0,38151,69.0,50873,17690.6,Strong,0,High Growth
HDFCBANK,17.0,20795.0,38151,69.0,50873,17690.6,Strong,0,High Growth
HDFCBANK,17.0,20795.0,38151,69.0,50873,17690.6,Strong,0,High Growth
HDFCBANK,17.0,20795.0,38151,69.0,50873,17690.6,Strong,0,High Growth
HDFCBANK,17.0,20795.0,38151,69.0,50873,17690.6,Strong,0,High Growth
HDFCBANK,17.0,20795.0,38151,69.0,50873,17690.6,Strong,0,High Growth
HDFCBANK,17.0,20795.0,38151,69.0,50873,17690.6,Strong,0,High Growth
HDFCBANK,17.0,20795.0,38151,69.0,50873,17690.6,Strong,0,High Growth
HDFCBANK,17.0,20795.0,38151,69.0,50873,17690.6,Strong,0,High Growth
HDFCBANK,17.0,20795.0,38151,69.0,50873,17690.6,Strong,0,High Growth
HDFCBANK,17.0,20795.0,38151,69.0,50873,17690.6,Strong,0,High Growth
HDFCBANK,17.0,20795.0,38151,69.0,50873,17690.6,Strong,0,High Growth
HDFCBANK,17.0,20795.0,38151,69.0,50873,17690.6,Strong,0,High Growth
HDFCBANK,17.0,20795.0,38151,69.0,50873,17690.6,Strong,0,High Growth
HDFCBANK,17.0,20795.0,38151,69.0,50873,17690.6,Strong,0,High Growth
HDFCBANK,17.0,20795.0,38151,69.0,50873,17690.6,Strong,0,High Growth
HDFCBANK,17.0,20795.0,38151,69.0,50873,17690.6,Strong,0,High Growth
HDFCBANK,17.0,20795.0,38151,69.0,50873,17690.6,Strong,0,High Growth
HDFCBANK,17.0,20795.0,38151,69.0,50873,17690.6,Strong,0,High Growth
HDFCBANK,17.0,20795.0,38151,69.0,50873,17690.6,Strong,0,High Growth
HDFCBANK,17.0,20795.0,38151,69.0,50873,17690.6,Strong,4,Emerging
HDFCBANK,17.0,20795.0,38151,69.0,50873,17690.6,Strong,4,Emerging
HDFCBANK,17.0,20795.0,38151,69.0,50873,17690.6,Strong,4,Emerging
HDFCBANK,17.0,20795.0,38151,69.0,50873,17690.6,Strong,4,Emerging
HDFCBANK,17.0,20795.0,38151,69.0,50873,17690.6,Strong,4,Emerging
HDFCBANK,17.0,20795.0,38151,69.0,50873,17690.6,Strong,4,Emerging
HDFCBANK,17.0,20795.0,38151,69.0,50873,17690.6,Strong,4,Emerging
HDFCBANK,17.0,20795.0,38151,69.0,50873,17690.6,Strong,4,Emerging
HDFCBANK,10.0,29932.0,46149,82.0,61498,22828.3,Strong,2,Value
HDFCBANK,10.0,29932.0,46149,82.0,61498,22828.3,Strong,2,Value
HDFCBANK,10.0,29932.0,46149,82.0,61498,22828.3,Strong,2,Value
HDFCBANK,10.0,29932.0,46149,82.0,61498,22828.3,Strong,2,Value
HDFCBANK,10.0,29932.0,46149,82.0,61498,22828.3,Strong,2,Value
HDFCBANK,10.0,29932.0,46149,82.0,61498,22828.3,Strong,2,Value
HDFCBANK,10.0,29932.0,46149,82.0,61498,22828.3,Strong,2,Value
HDFCBANK,10.0,29932.0,46149,82.0,61498,22828.3,Strong,2,Value
HDFCBANK,10.0,29932.0,46149,82.0,61498,22828.3,Strong,2,Value
HDFCBANK,10.0,29932.0,46149,82.0,61498,22828.3,Strong,2,Value
HDFCBANK,10.0,29932.0,46149,82.0,61498,22828.3,Strong,2,Value
HDFCBANK,10.0,29932.0,46149,82.0,61498,22828.3,Strong,2,Value
HDFCBANK,10.0,29932.0,46149,82.0,61498,22828.3,Strong,2,Value
HDFCBANK,10.0,29932.0,46149,82.0,61498,22828.3,Strong,2,Value
HDFCBANK,10.0,29932.0,46149,82.0,61498,22828.3,Strong,2,Value
HDFCBANK,10.0,29932.0,46149,82.0,61498,22828.3,Strong,2,Value
HDFCBANK,10.0,29932.0,46149,82.0,61498,22828.3,Strong,2,Value
HDFCBANK,10.0,29932.0,46149,82.0,61498,22828.3,Strong,2,Value
HDFCBANK,10.0,29932.0,46149,82.0,61498,22828.3,Strong,2,Value
HDFCBANK,10.0,29932.0,46149,82.0,61498,22828.3,Strong,2,Value
HDFCBANK,10.0,29932.0,46149,82.0,61498,22828.3,Strong,0,High Growth
HDFCBANK,10.0,29932.0,46149,82.0,61498,22828.3,Strong,0,High Growth
HDFCBANK,10.0,29932.0,46149,82.0,61498,22828.3,Strong,0,High Growth
HDFCBANK,10.0,29932.0,46149,82.0,61498,22828.3,Strong,0,High Growth
HDFCBANK,10.0,29932.0,46149,82.0,61498,22828.3,Strong,0,High Growth
HDFCBANK,10.0,29932.0,46149,82.0,61498,22828.3,Strong,0,High Growth
HDFCBANK,10.0,29932.0,46149,82.0,61498,22828.3,Strong,0,High Growth
HDFCBANK,10.0,29932.0,46149,82.0,61498,22828.3,Strong,0,High Growth
HDFCBANK,10.0,29932.0,46149,82.0,61498,22828.3,Strong,0,High Growth
HDFCBANK,10.0,29932.0,46149,82.0,61498,22828.3,Strong,0,High Growth
HDFCBANK,10.0,29932.0,46149,82.0,61498,22828.3,Strong,0,High Growth
HDFCBANK,10.0,29932.0,46149,82.0,61498,22828.3,Strong,0,High Growth
HDFCBANK,10.0,29932.0,46149,82.0,61498,22828.3,Strong,0,High Growth
HDFCBANK,10.0,29932.0,46149,82.0,61498,22828.3,Strong,0,High Growth
HDFCBANK,10.0,29932.0,46149,82.0,61498,22828.3,Strong,0,High Growth
HDFCBANK,10.0,29932.0,46149,82.0,61498,22828.3,Strong,0,High Growth
HDFCBANK,10.0,29932.0,46149,82.0,61498,22828.3,Strong,0,High Growth
HDFCBANK,10.0,29932.0,46149,82.0,61498,22828.3,Strong,0,High Growth
HDFCBANK,10.0,29932.0,46149,82.0,61498,22828.3,Strong,0,High Growth
HDFCBANK,10.0,29932.0,46149,82.0,61498,22828.3,Strong,0,High Growth
HDFCBANK,10.0,29932.0,46149,82.0,61498,22828.3,Strong,0,High Growth
HDFCBANK,10.0,29932.0,46149,82.0,61498,22828.3,Strong,0,High Growth
HDFCBANK,10.0,29932.0,46149,82.0,61498,22828.3,Strong,0,High Growth
HDFCBANK,10.0,29932.0,46149,82.0,61498,22828.3,Strong,0,High Growth
HDFCBANK,10.0,29932.0,46149,82.0,61498,22828.3,Strong,4,Emerging
HDFCBANK,10.0,29932.0,46149,82.0,61498,22828.3,Strong,4,Emerging
HDFCBANK,10.0,29932.0,46149,82.0,61498,22828.3,Strong,4,Emerging
HDFCBANK,10.0,29932.0,46149,82.0,61498,22828.3,Strong,4,Emerging
HDFCBANK,10.0,29932.0,46149,82.0,61498,22828.3,Strong,4,Emerging
HDFCBANK,10.0,29932.0,46149,82.0,61498,22828.3,Strong,4,Emerging
HDFCBANK,10.0,29932.0,46149,82.0,61498,22828.3,Strong,4,Emerging
HDFCBANK,10.0,29932.0,46149,82.0,61498,22828.3,Strong,4,Emerging
HDFCBANK,5.0,29932.0,46149,82.0,61498,22826.3,Strong,2,Value
HDFCBANK,5.0,29932.0,46149,82.0,61498,22826.3,Strong,2,Value
HDFCBANK,5.0,29932.0,46149,82.0,61498,22826.3,Strong,2,Value
HDFCBANK,5.0,29932.0,46149,82.0,61498,22826.3,Strong,2,Value
HDFCBANK,5.0,29932.0,46149,82.0,61498,22826.3,Strong,2,Value
HDFCBANK,5.0,29932.0,46149,82.0,61498,22826.3,Strong,2,Value
HDFCBANK,5.0,29932.0,46149,82.0,61498,22826.3,Strong,2,Value
HDFCBANK,5.0,29932.0,46149,82.0,61498,22826.3,Strong,2,Value
HDFCBANK,5.0,29932.0,46149,82.0,61498,22826.3,Strong,2,Value
HDFCBANK,5.0,29932.0,46149,82.0,61498,22826.3,Strong,2,Value
HDFCBANK,5.0,29932.0,46149,82.0,61498,22826.3,Strong,2,Value
HDFCBANK,5.0,29932.0,46149,82.0,61498,22826.3,Strong,2,Value
HDFCBANK,5.0,29932.0,46149,82.0,61498,22826.3,Strong,2,Value
HDFCBANK,5.0,29932.0,46149,82.0,61498,22826.3,Strong,2,Value
HDFCBANK,5.0,29932.0,46149,82.0,61498,22826.3,Strong,2,Value
HDFCBANK,5.0,29932.0,46149,82.0,61498,22826.3,Strong,2,Value
HDFCBANK,5.0,29932.0,46149,82.0,61498,22826.3,Strong,2,Value
HDFCBANK,5.0,29932.0,46149,82.0,61498,22826.3,Strong,2,Value
HDFCBANK,5.0,29932.0,46149,82.0,61498,22826.3,Strong,2,Value
HDFCBANK,5.0,29932.0,46149,82.0,61498,22826.3,Strong,2,Value
HDFCBANK,5.0,29932.0,46149,82.0,61498,22826.3,Strong,0,High Growth
HDFCBANK,5.0,29932.0,46149,82.0,61498,22826.3,Strong,0,High Growth
HDFCBANK,5.0,29932.0,46149,82.0,61498,22826.3,Strong,0,High Growth
HDFCBANK,5.0,29932.0,46149,82.0,61498,22826.3,Strong,0,High Growth
HDFCBANK,5.0,29932.0,46149,82.0,61498,22826.3,Strong,0,High Growth
HDFCBANK,5.0,29932.0,46149,82.0,61498,22826.3,Strong,0,High Growth
HDFCBANK,5.0,29932.0,46149,82.0,61498,22826.3,Strong,0,High Growth
HDFCBANK,5.0,29932.0,46149,82.0,61498,22826.3,Strong,0,High Growth
HDFCBANK,5.0,29932.0,46149,82.0,61498,22826.3,Strong,0,High Growth
HDFCBANK,5.0,29932.0,46149,82.0,61498,22826.3,Strong,0,High Growth
HDFCBANK,5.0,29932.0,46149,82.0,61498,22826.3,Strong,0,High Growth
HDFCBANK,5.0,29932.0,46149,82.0,61498,22826.3,Strong,0,High Growth
HDFCBANK,5.0,29932.0,46149,82.0,61498,22826.3,Strong,0,High Growth
HDFCBANK,5.0,29932.0,46149,82.0,61498,22826.3,Strong,0,High Growth
HDFCBANK,5.0,29932.0,46149,82.0,61498,22826.3,Strong,0,High Growth
HDFCBANK,5.0,29932.0,46149,82.0,61498,22826.3,Strong,0,High Growth
HDFCBANK,5.0,29932.0,46149,82.0,61498,22826.3,Strong,0,High Growth
HDFCBANK,5.0,29932.0,46149,82.0,61498,22826.3,Strong,0,High Growth
HDFCBANK,5.0,29932.0,46149,82.0,61498,22826.3,Strong,0,High Growth
HDFCBANK,5.0,29932.0,46149,82.0,61498,22826.3,Strong,0,High Growth
HDFCBANK,5.0,29932.0,46149,82.0,61498,22826.3,Strong,0,High Growth
HDFCBANK,5.0,29932.0,46149,82.0,61498,22826.3,Strong,0,High Growth
HDFCBANK,5.0,29932.0,46149,82.0,61498,22826.3,Strong,0,High Growth
HDFCBANK,5.0,29932.0,46149,82.0,61498,22826.3,Strong,0,High Growth
HDFCBANK,5.0,29932.0,46149,82.0,61498,22826.3,Strong,4,Emerging
HDFCBANK,5.0,29932.0,46149,82.0,61498,22826.3,Strong,4,Emerging
HDFCBANK,5.0,29932.0,46149,82.0,61498,22826.3,Strong,4,Emerging
HDFCBANK,5.0,29932.0,46149,82.0,61498,22826.3,Strong,4,Emerging
HDFCBANK,5.0,29932.0,46149,82.0,61498,22826.3,Strong,4,Emerging
HDFCBANK,5.0,29932.0,46149,82.0,61498,22826.3,Strong,4,Emerging
HDFCBANK,5.0,29932.0,46149,82.0,61498,22826.3,Strong,4,Emerging
HDFCBANK,5.0,29932.0,46149,82.0,61498,22826.3,Strong,4,Emerging
HDFCBANK,3.0,29932.0,46149,82.0,61498,22825.5,Strong,2,Value
HDFCBANK,3.0,29932.0,46149,82.0,61498,22825.5,Strong,2,Value
HDFCBANK,3.0,29932.0,46149,82.0,61498,22825.5,Strong,2,Value
HDFCBANK,3.0,29932.0,46149,82.0,61498,22825.5,Strong,2,Value
HDFCBANK,3.0,29932.0,46149,82.0,61498,22825.5,Strong,2,Value
HDFCBANK,3.0,29932.0,46149,82.0,61498,22825.5,Strong,2,Value
HDFCBANK,3.0,29932.0,46149,82.0,61498,22825.5,Strong,2,Value
HDFCBANK,3.0,29932.0,46149,82.0,61498,22825.5,Strong,2,Value
HDFCBANK,3.0,29932.0,46149,82.0,61498,22825.5,Strong,2,Value
HDFCBANK,3.0,29932.0,46149,82.0,61498,22825.5,Strong,2,Value
HDFCBANK,3.0,29932.0,46149,82.0,61498,22825.5,Strong,2,Value
HDFCBANK,3.0,29932.0,46149,82.0,61498,22825.5,Strong,2,Value
HDFCBANK,3.0,29932.0,46149,82.0,61498,22825.5,Strong,2,Value
HDFCBANK,3.0,29932.0,46149,82.0,61498,22825.5,Strong,2,Value
HDFCBANK,3.0,29932.0,46149,82.0,61498,22825.5,Strong,2,Value
HDFCBANK,3.0,29932.0,46149,82.0,61498,22825.5,Strong,2,Value
HDFCBANK,3.0,29932.0,46149,82.0,61498,22825.5,Strong,2,Value
HDFCBANK,3.0,29932.0,46149,82.0,61498,22825.5,Strong,2,Value
HDFCBANK,3.0,29932.0,46149,82.0,61498,22825.5,Strong,2,Value
HDFCBANK,3.0,29932.0,46149,82.0,61498,22825.5,Strong,2,Value
HDFCBANK,3.0,29932.0,46149,82.0,61498,22825.5,Strong,0,High Growth
HDFCBANK,3.0,29932.0,46149,82.0,61498,22825.5,Strong,0,High Growth
HDFCBANK,3.0,29932.0,46149,82.0,61498,22825.5,Strong,0,High Growth
HDFCBANK,3.0,29932.0,46149,82.0,61498,22825.5,Strong,0,High Growth
HDFCBANK,3.0,29932.0,46149,82.0,61498,22825.5,Strong,0,High Growth
HDFCBANK,3.0,29932.0,46149,82.0,61498,22825.5,Strong,0,High Growth
HDFCBANK,3.0,29932.0,46149,82.0,61498,22825.5,Strong,0,High Growth
HDFCBANK,3.0,29932.0,46149,82.0,61498,22825.5,Strong,0,High Growth
HDFCBANK,3.0,29932.0,46149,82.0,61498,22825.5,Strong,0,High Growth
HDFCBANK,3.0,29932.0,46149,82.0,61498,22825.5,Strong,0,High Growth
HDFCBANK,3.0,29932.0,46149,82.0,61498,22825.5,Strong,0,High Growth
HDFCBANK,3.0,29932.0,46149,82.0,61498,22825.5,Strong,0,High Growth
HDFCBANK,3.0,29932.0,46149,82.0,61498,22825.5,Strong,0,High Growth
HDFCBANK,3.0,29932.0,46149,82.0,61498,22825.5,Strong,0,High Growth
HDFCBANK,3.0,29932.0,46149,82.0,61498,22825.5,Strong,0,High Growth
HDFCBANK,3.0,29932.0,46149,82.0,61498,22825.5,Strong,0,High Growth
HDFCBANK,3.0,29932.0,46149,82.0,61498,22825.5,Strong,0,High Growth
HDFCBANK,3.0,29932.0,46149,82.0,61498,22825.5,Strong,0,High Growth
HDFCBANK,3.0,29932.0,46149,82.0,61498,22825.5,Strong,0,High Growth
HDFCBANK,3.0,29932.0,46149,82.0,61498,22825.5,Strong,0,High Growth
HDFCBANK,3.0,29932.0,46149,82.0,61498,22825.5,Strong,0,High Growth
HDFCBANK,3.0,29932.0,46149,82.0,61498,22825.5,Strong,0,High Growth
HDFCBANK,3.0,29932.0,46149,82.0,61498,22825.5,Strong,0,High Growth
HDFCBANK,3.0,29932.0,46149,82.0,61498,22825.5,Strong,0,High Growth
HDFCBANK,3.0,29932.0,46149,82.0,61498,22825.5,Strong,4,Emerging
HDFCBANK,3.0,29932.0,46149,82.0,61498,22825.5,Strong,4,Emerging
HDFCBANK,3.0,29932.0,46149,82.0,61498,22825.5,Strong,4,Emerging
HDFCBANK,3.0,29932.0,46149,82.0,61498,22825.5,Strong,4,Emerging
HDFCBANK,3.0,29932.0,46149,82.0,61498,22825.5,Strong,4,Emerging
HDFCBANK,3.0,29932.0,46149,82.0,61498,22825.5,Strong,4,Emerging
HDFCBANK,3.0,29932.0,46149,82.0,61498,22825.5,Strong,4,Emerging
HDFCBANK,3.0,29932.0,46149,82.0,61498,22825.5,Strong,4,Emerging
HDFCBANK,17.0,29932.0,46149,82.0,61498,22831.1,Strong,2,Value
HDFCBANK,17.0,29932.0,46149,82.0,61498,22831.1,Strong,2,Value
HDFCBANK,17.0,29932.0,46149,82.0,61498,22831.1,Strong,2,Value
HDFCBANK,17.0,29932.0,46149,82.0,61498,22831.1,Strong,2,Value
HDFCBANK,17.0,29932.0,46149,82.0,61498,22831.1,Strong,2,Value
HDFCBANK,17.0,29932.0,46149,82.0,61498,22831.1,Strong,2,Value
HDFCBANK,17.0,29932.0,46149,82.0,61498,22831.1,Strong,2,Value
HDFCBANK,17.0,29932.0,46149,82.0,61498,22831.1,Strong,2,Value
HDFCBANK,17.0,29932.0,46149,82.0,61498,22831.1,Strong,2,Value
HDFCBANK,17.0,29932.0,46149,82.0,61498,22831.1,Strong,2,Value
HDFCBANK,17.0,29932.0,46149,82.0,61498,22831.1,Strong,2,Value
HDFCBANK,17.0,29932.0,46149,82.0,61498,22831.1,Strong,2,Value
HDFCBANK,17.0,29932.0,46149,82.0,61498,22831.1,Strong,2,Value
HDFCBANK,17.0,29932.0,46149,82.0,61498,22831.1,Strong,2,Value
HDFCBANK,17.0,29932.0,46149,82.0,61498,22831.1,Strong,2,Value
HDFCBANK,17.0,29932.0,46149,82.0,61498,22831.1,Strong,2,Value
HDFCBANK,17.0,29932.0,46149,82.0,61498,22831.1,Strong,2,Value
HDFCBANK,17.0,29932.0,46149,82.0,61498,22831.1,Strong,2,Value
HDFCBANK,17.0,29932.0,46149,82.0,61498,22831.1,Strong,2,Value
HDFCBANK,17.0,29932.0,46149,82.0,61498,22831.1,Strong,2,Value
HDFCBANK,17.0,29932.0,46149,82.0,61498,22831.1,Strong,0,High Growth
HDFCBANK,17.0,29932.0,46149,82.0,61498,22831.1,Strong,0,High Growth
HDFCBANK,17.0,29932.0,46149,82.0,61498,22831.1,Strong,0,High Growth
HDFCBANK,17.0,29932.0,46149,82.0,61498,22831.1,Strong,0,High Growth
HDFCBANK,17.0,29932.0,46149,82.0,61498,22831.1,Strong,0,High Growth
HDFCBANK,17.0,29932.0,46149,82.0,61498,22831.1,Strong,0,High Growth
HDFCBANK,17.0,29932.0,46149,82.0,61498,22831.1,Strong,0,High Growth
HDFCBANK,17.0,29932.0,46149,82.0,61498,22831.1,Strong,0,High Growth
HDFCBANK,17.0,29932.0,46149,82.0,61498,22831.1,Strong,0,High Growth
HDFCBANK,17.0,29932.0,46149,82.0,61498,22831.1,Strong,0,High Growth
HDFCBANK,17.0,29932.0,46149,82.0,61498,22831.1,Strong,0,High Growth
HDFCBANK,17.0,29932.0,46149,82.0,61498,22831.1,Strong,0,High Growth
HDFCBANK,17.0,29932.0,46149,82.0,61498,22831.1,Strong,0,High Growth
HDFCBANK,17.0,29932.0,46149,82.0,61498,22831.1,Strong,0,High Growth
HDFCBANK,17.0,29932.0,46149,82.0,61498,22831.1,Strong,0,High Growth
HDFCBANK,17.0,29932.0,46149,82.0,61498,22831.1,Strong,0,High Growth
HDFCBANK,17.0,29932.0,46149,82.0,61498,22831.1,Strong,0,High Growth
HDFCBANK,17.0,29932.0,46149,82.0,61498,22831.1,Strong,0,High Growth
HDFCBANK,17.0,29932.0,46149,82.0,61498,22831.1,Strong,0,High Growth
HDFCBANK,17.0,29932.0,46149,82.0,61498,22831.1,Strong,0,High Growth
HDFCBANK,17.0,29932.0,46149,82.0,61498,22831.1,Strong,0,High Growth
HDFCBANK,17.0,29932.0,46149,82.0,61498,22831.1,Strong,0,High Growth
HDFCBANK,17.0,29932.0,46149,82.0,61498,22831.1,Strong,0,High Growth
HDFCBANK,17.0,29932.0,46149,82.0,61498,22831.1,Strong,0,High Growth
HDFCBANK,17.0,29932.0,46149,82.0,61498,22831.1,Strong,4,Emerging
HDFCBANK,17.0,29932.0,46149,82.0,61498,22831.1,Strong,4,Emerging
HDFCBANK,17.0,29932.0,46149,82.0,61498,22831.1,Strong,4,Emerging
HDFCBANK,17.0,29932.0,46149,82.0,61498,22831.1,Strong,4,Emerging
HDFCBANK,17.0,29932.0,46149,82.0,61498,22831.1,Strong,4,Emerging
HDFCBANK,17.0,29932.0,46149,82.0,61498,22831.1,Strong,4,Emerging
HDFCBANK,17.0,29932.0,46149,82.0,61498,22831.1,Strong,4,Emerging
HDFCBANK,17.0,29932.0,46149,82.0,61498,22831.1,Strong,4,Emerging
HDFCBANK,10.0,-44685.0,65446,84.0,76569,6232.299999999999,Strong,2,Value
HDFCBANK,10.0,-44685.0,65446,84.0,76569,6232.299999999999,Strong,2,Value
HDFCBANK,10.0,-44685.0,65446,84.0,76569,6232.299999999999,Strong,2,Value
HDFCBANK,10.0,-44685.0,65446,84.0,76569,6232.299999999999,Strong,2,Value
HDFCBANK,10.0,-44685.0,65446,84.0,76569,6232.299999999999,Strong,2,Value
HDFCBANK,10.0,-44685.0,65446,84.0,76569,6232.299999999999,Strong,2,Value
HDFCBANK,10.0,-44685.0,65446,84.0,76569,6232.299999999999,Strong,2,Value
HDFCBANK,10.0,-44685.0,65446,84.0,76569,6232.299999999999,Strong,2,Value
HDFCBANK,10.0,-44685.0,65446,84.0,76569,6232.299999999999,Strong,2,Value
HDFCBANK,10.0,-44685.0,65446,84.0,76569,6232.299999999999,Strong,2,Value
HDFCBANK,10.0,-44685.0,65446,84.0,76569,6232.299999999999,Strong,2,Value
HDFCBANK,10.0,-44685.0,65446,84.0,76569,6232.299999999999,Strong,2,Value
HDFCBANK,10.0,-44685.0,65446,84.0,76569,6232.299999999999,Strong,2,Value
HDFCBANK,10.0,-44685.0,65446,84.0,76569,6232.299999999999,Strong,2,Value
HDFCBANK,10.0,-44685.0,65446,84.0,76569,6232.299999999999,Strong,2,Value
HDFCBANK,10.0,-44685.0,65446,84.0,76569,6232.299999999999,Strong,2,Value
HDFCBANK,10.0,-44685.0,65446,84.0,76569,6232.299999999999,Strong,2,Value
HDFCBANK,10.0,-44685.0,65446,84.0,76569,6232.299999999999,Strong,2,Value
HDFCBANK,10.0,-44685.0,65446,84.0,76569,6232.299999999999,Strong,2,Value
HDFCBANK,10.0,-44685.0,65446,84.0,76569,6232.299999999999,Strong,2,Value
HDFCBANK,10.0,-44685.0,65446,84.0,76569,6232.299999999999,Strong,0,High Growth
HDFCBANK,10.0,-44685.0,65446,84.0,76569,6232.299999999999,Strong,0,High Growth
HDFCBANK,10.0,-44685.0,65446,84.0,76569,6232.299999999999,Strong,0,High Growth
HDFCBANK,10.0,-44685.0,65446,84.0,76569,6232.299999999999,Strong,0,High Growth
HDFCBANK,10.0,-44685.0,65446,84.0,76569,6232.299999999999,Strong,0,High Growth
HDFCBANK,10.0,-44685.0,65446,84.0,76569,6232.299999999999,Strong,0,High Growth
HDFCBANK,10.0,-44685.0,65446,84.0,76569,6232.299999999999,Strong,0,High Growth
HDFCBANK,10.0,-44685.0,65446,84.0,76569,6232.299999999999,Strong,0,High Growth
HDFCBANK,10.0,-44685.0,65446,84.0,76569,6232.299999999999,Strong,0,High Growth
HDFCBANK,10.0,-44685.0,65446,84.0,76569,6232.299999999999,Strong,0,High Growth
HDFCBANK,10.0,-44685.0,65446,84.0,76569,6232.299999999999,Strong,0,High Growth
HDFCBANK,10.0,-44685.0,65446,84.0,76569,6232.299999999999,Strong,0,High Growth
HDFCBANK,10.0,-44685.0,65446,84.0,76569,6232.299999999999,Strong,0,High Growth
HDFCBANK,10.0,-44685.0,65446,84.0,76569,6232.299999999999,Strong,0,High Growth
HDFCBANK,10.0,-44685.0,65446,84.0,76569,6232.299999999999,Strong,0,High Growth
HDFCBANK,10.0,-44685.0,65446,84.0,76569,6232.299999999999,Strong,0,High Growth
HDFCBANK,10.0,-44685.0,65446,84.0,76569,6232.299999999999,Strong,0,High Growth
HDFCBANK,10.0,-44685.0,65446,84.0,76569,6232.299999999999,Strong,0,High Growth
HDFCBANK,10.0,-44685.0,65446,84.0,76569,6232.299999999999,Strong,0,High Growth
HDFCBANK,10.0,-44685.0,65446,84.0,76569,6232.299999999999,Strong,0,High Growth
HDFCBANK,10.0,-44685.0,65446,84.0,76569,6232.299999999999,Strong,0,High Growth
HDFCBANK,10.0,-44685.0,65446,84.0,76569,6232.299999999999,Strong,0,High Growth
HDFCBANK,10.0,-44685.0,65446,84.0,76569,6232.299999999999,Strong,0,High Growth
HDFCBANK,10.0,-44685.0,65446,84.0,76569,6232.299999999999,Strong,0,High Growth
HDFCBANK,10.0,-44685.0,65446,84.0,76569,6232.299999999999,Strong,4,Emerging
HDFCBANK,10.0,-44685.0,65446,84.0,76569,6232.299999999999,Strong,4,Emerging
HDFCBANK,10.0,-44685.0,65446,84.0,76569,6232.299999999999,Strong,4,Emerging
HDFCBANK,10.0,-44685.0,65446,84.0,76569,6232.299999999999,Strong,4,Emerging
HDFCBANK,10.0,-44685.0,65446,84.0,76569,6232.299999999999,Strong,4,Emerging
HDFCBANK,10.0,-44685.0,65446,84.0,76569,6232.299999999999,Strong,4,Emerging
HDFCBANK,10.0,-44685.0,65446,84.0,76569,6232.299999999999,Strong,4,Emerging
HDFCBANK,10.0,-44685.0,65446,84.0,76569,6232.299999999999,Strong,4,Emerging
HDFCBANK,5.0,-44685.0,65446,84.0,76569,6230.299999999999,Strong,2,Value
HDFCBANK,5.0,-44685.0,65446,84.0,76569,6230.299999999999,Strong,2,Value
HDFCBANK,5.0,-44685.0,65446,84.0,76569,6230.299999999999,Strong,2,Value
HDFCBANK,5.0,-44685.0,65446,84.0,76569,6230.299999999999,Strong,2,Value
HDFCBANK,5.0,-44685.0,65446,84.0,76569,6230.299999999999,Strong,2,Value
HDFCBANK,5.0,-44685.0,65446,84.0,76569,6230.299999999999,Strong,2,Value
HDFCBANK,5.0,-44685.0,65446,84.0,76569,6230.299999999999,Strong,2,Value
HDFCBANK,5.0,-44685.0,65446,84.0,76569,6230.299999999999,Strong,2,Value
HDFCBANK,5.0,-44685.0,65446,84.0,76569,6230.299999999999,Strong,2,Value
HDFCBANK,5.0,-44685.0,65446,84.0,76569,6230.299999999999,Strong,2,Value
HDFCBANK,5.0,-44685.0,65446,84.0,76569,6230.299999999999,Strong,2,Value
HDFCBANK,5.0,-44685.0,65446,84.0,76569,6230.299999999999,Strong,2,Value
HDFCBANK,5.0,-44685.0,65446,84.0,76569,6230.299999999999,Strong,2,Value
HDFCBANK,5.0,-44685.0,65446,84.0,76569,6230.299999999999,Strong,2,Value
HDFCBANK,5.0,-44685.0,65446,84.0,76569,6230.299999999999,Strong,2,Value
HDFCBANK,5.0,-44685.0,65446,84.0,76569,6230.299999999999,Strong,2,Value
HDFCBANK,5.0,-44685.0,65446,84.0,76569,6230.299999999999,Strong,2,Value
HDFCBANK,5.0,-44685.0,65446,84.0,76569,6230.299999999999,Strong,2,Value
HDFCBANK,5.0,-44685.0,65446,84.0,76569,6230.299999999999,Strong,2,Value
HDFCBANK,5.0,-44685.0,65446,84.0,76569,6230.299999999999,Strong,2,Value
HDFCBANK,5.0,-44685.0,65446,84.0,76569,6230.299999999999,Strong,0,High Growth
HDFCBANK,5.0,-44685.0,65446,84.0,76569,6230.299999999999,Strong,0,High Growth
HDFCBANK,5.0,-44685.0,65446,84.0,76569,6230.299999999999,Strong,0,High Growth
HDFCBANK,5.0,-44685.0,65446,84.0,76569,6230.299999999999,Strong,0,High Growth
HDFCBANK,5.0,-44685.0,65446,84.0,76569,6230.299999999999,Strong,0,High Growth
HDFCBANK,5.0,-44685.0,65446,84.0,76569,6230.299999999999,Strong,0,High Growth
HDFCBANK,5.0,-44685.0,65446,84.0,76569,6230.299999999999,Strong,0,High Growth
HDFCBANK,5.0,-44685.0,65446,84.0,76569,6230.299999999999,Strong,0,High Growth
HDFCBANK,5.0,-44685.0,65446,84.0,76569,6230.299999999999,Strong,0,High Growth
HDFCBANK,5.0,-44685.0,65446,84.0,76569,6230.299999999999,Strong,0,High Growth
HDFCBANK,5.0,-44685.0,65446,84.0,76569,6230.299999999999,Strong,0,High Growth
HDFCBANK,5.0,-44685.0,65446,84.0,76569,6230.299999999999,Strong,0,High Growth
HDFCBANK,5.0,-44685.0,65446,84.0,76569,6230.299999999999,Strong,0,High Growth
HDFCBANK,5.0,-44685.0,65446,84.0,76569,6230.299999999999,Strong,0,High Growth
HDFCBANK,5.0,-44685.0,65446,84.0,76569,6230.299999999999,Strong,0,High Growth
HDFCBANK,5.0,-44685.0,65446,84.0,76569,6230.299999999999,Strong,0,High Growth
HDFCBANK,5.0,-44685.0,65446,84.0,76569,6230.299999999999,Strong,0,High Growth
HDFCBANK,5.0,-44685.0,65446,84.0,76569,6230.299999999999,Strong,0,High Growth
HDFCBANK,5.0,-44685.0,65446,84.0,76569,6230.299999999999,Strong,0,High Growth
HDFCBANK,5.0,-44685.0,65446,84.0,76569,6230.299999999999,Strong,0,High Growth
HDFCBANK,5.0,-44685.0,65446,84.0,76569,6230.299999999999,Strong,0,High Growth
HDFCBANK,5.0,-44685.0,65446,84.0,76569,6230.299999999999,Strong,0,High Growth
HDFCBANK,5.0,-44685.0,65446,84.0,76569,6230.299999999999,Strong,0,High Growth
HDFCBANK,5.0,-44685.0,65446,84.0,76569,6230.299999999999,Strong,0,High Growth
HDFCBANK,5.0,-44685.0,65446,84.0,76569,6230.299999999999,Strong,4,Emerging
HDFCBANK,5.0,-44685.0,65446,84.0,76569,6230.299999999999,Strong,4,Emerging
HDFCBANK,5.0,-44685.0,65446,84.0,76569,6230.299999999999,Strong,4,Emerging
HDFCBANK,5.0,-44685.0,65446,84.0,76569,6230.299999999999,Strong,4,Emerging
HDFCBANK,5.0,-44685.0,65446,84.0,76569,6230.299999999999,Strong,4,Emerging
HDFCBANK,5.0,-44685.0,65446,84.0,76569,6230.299999999999,Strong,4,Emerging
HDFCBANK,5.0,-44685.0,65446,84.0,76569,6230.299999999999,Strong,4,Emerging
HDFCBANK,5.0,-44685.0,65446,84.0,76569,6230.299999999999,Strong,4,Emerging
HDFCBANK,3.0,-44685.0,65446,84.0,76569,6229.5,Strong,2,Value
HDFCBANK,3.0,-44685.0,65446,84.0,76569,6229.5,Strong,2,Value
HDFCBANK,3.0,-44685.0,65446,84.0,76569,6229.5,Strong,2,Value
HDFCBANK,3.0,-44685.0,65446,84.0,76569,6229.5,Strong,2,Value
HDFCBANK,3.0,-44685.0,65446,84.0,76569,6229.5,Strong,2,Value
HDFCBANK,3.0,-44685.0,65446,84.0,76569,6229.5,Strong,2,Value
HDFCBANK,3.0,-44685.0,65446,84.0,76569,6229.5,Strong,2,Value
HDFCBANK,3.0,-44685.0,65446,84.0,76569,6229.5,Strong,2,Value
HDFCBANK,3.0,-44685.0,65446,84.0,76569,6229.5,Strong,2,Value
HDFCBANK,3.0,-44685.0,65446,84.0,76569,6229.5,Strong,2,Value
HDFCBANK,3.0,-44685.0,65446,84.0,76569,6229.5,Strong,2,Value
HDFCBANK,3.0,-44685.0,65446,84.0,76569,6229.5,Strong,2,Value
HDFCBANK,3.0,-44685.0,65446,84.0,76569,6229.5,Strong,2,Value
HDFCBANK,3.0,-44685.0,65446,84.0,76569,6229.5,Strong,2,Value
HDFCBANK,3.0,-44685.0,65446,84.0,76569,6229.5,Strong,2,Value
HDFCBANK,3.0,-44685.0,65446,84.0,76569,6229.5,Strong,2,Value
HDFCBANK,3.0,-44685.0,65446,84.0,76569,6229.5,Strong,2,Value
HDFCBANK,3.0,-44685.0,65446,84.0,76569,6229.5,Strong,2,Value
HDFCBANK,3.0,-44685.0,65446,84.0,76569,6229.5,Strong,2,Value
HDFCBANK,3.0,-44685.0,65446,84.0,76569,6229.5,Strong,2,Value
HDFCBANK,3.0,-44685.0,65446,84.0,76569,6229.5,Strong,0,High Growth
HDFCBANK,3.0,-44685.0,65446,84.0,76569,6229.5,Strong,0,High Growth
HDFCBANK,3.0,-44685.0,65446,84.0,76569,6229.5,Strong,0,High Growth
HDFCBANK,3.0,-44685.0,65446,84.0,76569,6229.5,Strong,0,High Growth
HDFCBANK,3.0,-44685.0,65446,84.0,76569,6229.5,Strong,0,High Growth
HDFCBANK,3.0,-44685.0,65446,84.0,76569,6229.5,Strong,0,High Growth
HDFCBANK,3.0,-44685.0,65446,84.0,76569,6229.5,Strong,0,High Growth
HDFCBANK,3.0,-44685.0,65446,84.0,76569,6229.5,Strong,0,High Growth
HDFCBANK,3.0,-44685.0,65446,84.0,76569,6229.5,Strong,0,High Growth
HDFCBANK,3.0,-44685.0,65446,84.0,76569,6229.5,Strong,0,High Growth
HDFCBANK,3.0,-44685.0,65446,84.0,76569,6229.5,Strong,0,High Growth
HDFCBANK,3.0,-44685.0,65446,84.0,76569,6229.5,Strong,0,High Growth
HDFCBANK,3.0,-44685.0,65446,84.0,76569,6229.5,Strong,0,High Growth
HDFCBANK,3.0,-44685.0,65446,84.0,76569,6229.5,Strong,0,High Growth
HDFCBANK,3.0,-44685.0,65446,84.0,76569,6229.5,Strong,0,High Growth
HDFCBANK,3.0,-44685.0,65446,84.0,76569,6229.5,Strong,0,High Growth
HDFCBANK,3.0,-44685.0,65446,84.0,76569,6229.5,Strong,0,High Growth
HDFCBANK,3.0,-44685.0,65446,84.0,76569,6229.5,Strong,0,High Growth
HDFCBANK,3.0,-44685.0,65446,84.0,76569,6229.5,Strong,0,High Growth
HDFCBANK,3.0,-44685.0,65446,84.0,76569,6229.5,Strong,0,High Growth
HDFCBANK,3.0,-44685.0,65446,84.0,76569,6229.5,Strong,0,High Growth
HDFCBANK,3.0,-44685.0,65446,84.0,76569,6229.5,Strong,0,High Growth
HDFCBANK,3.0,-44685.0,65446,84.0,76569,6229.5,Strong,0,High Growth
HDFCBANK,3.0,-44685.0,65446,84.0,76569,6229.5,Strong,0,High Growth
HDFCBANK,3.0,-44685.0,65446,84.0,76569,6229.5,Strong,4,Emerging
HDFCBANK,3.0,-44685.0,65446,84.0,76569,6229.5,Strong,4,Emerging
HDFCBANK,3.0,-44685.0,65446,84.0,76569,6229.5,Strong,4,Emerging
HDFCBANK,3.0,-44685.0,65446,84.0,76569,6229.5,Strong,4,Emerging
HDFCBANK,3.0,-44685.0,65446,84.0,76569,6229.5,Strong,4,Emerging
HDFCBANK,3.0,-44685.0,65446,84.0,76569,6229.5,Strong,4,Emerging
HDFCBANK,3.0,-44685.0,65446,84.0,76569,6229.5,Strong,4,Emerging
HDFCBANK,3.0,-44685.0,65446,84.0,76569,6229.5,Strong,4,Emerging
HDFCBANK,17.0,-44685.0,65446,84.0,76569,6235.099999999999,Strong,2,Value
HDFCBANK,17.0,-44685.0,65446,84.0,76569,6235.099999999999,Strong,2,Value
HDFCBANK,17.0,-44685.0,65446,84.0,76569,6235.099999999999,Strong,2,Value
HDFCBANK,17.0,-44685.0,65446,84.0,76569,6235.099999999999,Strong,2,Value
HDFCBANK,17.0,-44685.0,65446,84.0,76569,6235.099999999999,Strong,2,Value
HDFCBANK,17.0,-44685.0,65446,84.0,76569,6235.099999999999,Strong,2,Value
HDFCBANK,17.0,-44685.0,65446,84.0,76569,6235.099999999999,Strong,2,Value
HDFCBANK,17.0,-44685.0,65446,84.0,76569,6235.099999999999,Strong,2,Value
HDFCBANK,17.0,-44685.0,65446,84.0,76569,6235.099999999999,Strong,2,Value
HDFCBANK,17.0,-44685.0,65446,84.0,76569,6235.099999999999,Strong,2,Value
HDFCBANK,17.0,-44685.0,65446,84.0,76569,6235.099999999999,Strong,2,Value
HDFCBANK,17.0,-44685.0,65446,84.0,76569,6235.099999999999,Strong,2,Value
HDFCBANK,17.0,-44685.0,65446,84.0,76569,6235.099999999999,Strong,2,Value
HDFCBANK,17.0,-44685.0,65446,84.0,76569,6235.099999999999,Strong,2,Value
HDFCBANK,17.0,-44685.0,65446,84.0,76569,6235.099999999999,Strong,2,Value
HDFCBANK,17.0,-44685.0,65446,84.0,76569,6235.099999999999,Strong,2,Value
HDFCBANK,17.0,-44685.0,65446,84.0,76569,6235.099999999999,Strong,2,Value
HDFCBANK,17.0,-44685.0,65446,84.0,76569,6235.099999999999,Strong,2,Value
HDFCBANK,17.0,-44685.0,65446,84.0,76569,6235.099999999999,Strong,2,Value
HDFCBANK,17.0,-44685.0,65446,84.0,76569,6235.099999999999,Strong,2,Value
HDFCBANK,17.0,-44685.0,65446,84.0,76569,6235.099999999999,Strong,0,High Growth
HDFCBANK,17.0,-44685.0,65446,84.0,76569,6235.099999999999,Strong,0,High Growth
HDFCBANK,17.0,-44685.0,65446,84.0,76569,6235.099999999999,Strong,0,High Growth
HDFCBANK,17.0,-44685.0,65446,84.0,76569,6235.099999999999,Strong,0,High Growth
HDFCBANK,17.0,-44685.0,65446,84.0,76569,6235.099999999999,Strong,0,High Growth
HDFCBANK,17.0,-44685.0,65446,84.0,76569,6235.099999999999,Strong,0,High Growth
HDFCBANK,17.0,-44685.0,65446,84.0,76569,6235.099999999999,Strong,0,High Growth
HDFCBANK,17.0,-44685.0,65446,84.0,76569,6235.099999999999,Strong,0,High Growth
HDFCBANK,17.0,-44685.0,65446,84.0,76569,6235.099999999999,Strong,0,High Growth
HDFCBANK,17.0,-44685.0,65446,84.0,76569,6235.099999999999,Strong,0,High Growth
HDFCBANK,17.0,-44685.0,65446,84.0,76569,6235.099999999999,Strong,0,High Growth
HDFCBANK,17.0,-44685.0,65446,84.0,76569,6235.099999999999,Strong,0,High Growth
HDFCBANK,17.0,-44685.0,65446,84.0,76569,6235.099999999999,Strong,0,High Growth
HDFCBANK,17.0,-44685.0,65446,84.0,76569,6235.099999999999,Strong,0,High Growth
HDFCBANK,17.0,-44685.0,65446,84.0,76569,6235.099999999999,Strong,0,High Growth
HDFCBANK,17.0,-44685.0,65446,84.0,76569,6235.099999999999,Strong,0,High Growth
HDFCBANK,17.0,-44685.0,65446,84.0,76569,6235.099999999999,Strong,0,High Growth
HDFCBANK,17.0,-44685.0,65446,84.0,76569,6235.099999999999,Strong,0,High Growth
HDFCBANK,17.0,-44685.0,65446,84.0,76569,6235.099999999999,Strong,0,High Growth
HDFCBANK,17.0,-44685.0,65446,84.0,76569,6235.099999999999,Strong,0,High Growth
HDFCBANK,17.0,-44685.0,65446,84.0,76569,6235.099999999999,Strong,0,High Growth
HDFCBANK,17.0,-44685.0,65446,84.0,76569,6235.099999999999,Strong,0,High Growth
HDFCBANK,17.0,-44685.0,65446,84.0,76569,6235.099999999999,Strong,0,High Growth
HDFCBANK,17.0,-44685.0,65446,84.0,76569,6235.099999999999,Strong,0,High Growth
HDFCBANK,17.0,-44685.0,65446,84.0,76569,6235.099999999999,Strong,4,Emerging
HDFCBANK,17.0,-44685.0,65446,84.0,76569,6235.099999999999,Strong,4,Emerging
HDFCBANK,17.0,-44685.0,65446,84.0,76569,6235.099999999999,Strong,4,Emerging
HDFCBANK,17.0,-44685.0,65446,84.0,76569,6235.099999999999,Strong,4,Emerging
HDFCBANK,17.0,-44685.0,65446,84.0,76569,6235.099999999999,Strong,4,Emerging
HDFCBANK,17.0,-44685.0,65446,84.0,76569,6235.099999999999,Strong,4,Emerging
HDFCBANK,17.0,-44685.0,65446,84.0,76569,6235.099999999999,Strong,4,Emerging
HDFCBANK,17.0,-44685.0,65446,84.0,76569,6235.099999999999,Strong,4,Emerging
HDFCBANK,10.0,-57587.0,72168,91.0,88430,4378.299999999999,Strong,2,Value
HDFCBANK,10.0,-57587.0,72168,91.0,88430,4378.299999999999,Strong,2,Value
HDFCBANK,10.0,-57587.0,72168,91.0,88430,4378.299999999999,Strong,2,Value
HDFCBANK,10.0,-57587.0,72168,91.0,88430,4378.299999999999,Strong,2,Value
HDFCBANK,10.0,-57587.0,72168,91.0,88430,4378.299999999999,Strong,2,Value
HDFCBANK,10.0,-57587.0,72168,91.0,88430,4378.299999999999,Strong,2,Value
HDFCBANK,10.0,-57587.0,72168,91.0,88430,4378.299999999999,Strong,2,Value
HDFCBANK,10.0,-57587.0,72168,91.0,88430,4378.299999999999,Strong,2,Value
HDFCBANK,10.0,-57587.0,72168,91.0,88430,4378.299999999999,Strong,2,Value
HDFCBANK,10.0,-57587.0,72168,91.0,88430,4378.299999999999,Strong,2,Value
HDFCBANK,10.0,-57587.0,72168,91.0,88430,4378.299999999999,Strong,2,Value
HDFCBANK,10.0,-57587.0,72168,91.0,88430,4378.299999999999,Strong,2,Value
HDFCBANK,10.0,-57587.0,72168,91.0,88430,4378.299999999999,Strong,2,Value
HDFCBANK,10.0,-57587.0,72168,91.0,88430,4378.299999999999,Strong,2,Value
HDFCBANK,10.0,-57587.0,72168,91.0,88430,4378.299999999999,Strong,2,Value
HDFCBANK,10.0,-57587.0,72168,91.0,88430,4378.299999999999,Strong,2,Value
HDFCBANK,10.0,-57587.0,72168,91.0,88430,4378.299999999999,Strong,2,Value
HDFCBANK,10.0,-57587.0,72168,91.0,88430,4378.299999999999,Strong,2,Value
HDFCBANK,10.0,-57587.0,72168,91.0,88430,4378.299999999999,Strong,2,Value
HDFCBANK,10.0,-57587.0,72168,91.0,88430,4378.299999999999,Strong,2,Value
HDFCBANK,10.0,-57587.0,72168,91.0,88430,4378.299999999999,Strong,0,High Growth
HDFCBANK,10.0,-57587.0,72168,91.0,88430,4378.299999999999,Strong,0,High Growth
HDFCBANK,10.0,-57587.0,72168,91.0,88430,4378.299999999999,Strong,0,High Growth
HDFCBANK,10.0,-57587.0,72168,91.0,88430,4378.299999999999,Strong,0,High Growth
HDFCBANK,10.0,-57587.0,72168,91.0,88430,4378.299999999999,Strong,0,High Growth
HDFCBANK,10.0,-57587.0,72168,91.0,88430,4378.299999999999,Strong,0,High Growth
HDFCBANK,10.0,-57587.0,72168,91.0,88430,4378.299999999999,Strong,0,High Growth
HDFCBANK,10.0,-57587.0,72168,91.0,88430,4378.299999999999,Strong,0,High Growth
HDFCBANK,10.0,-57587.0,72168,91.0,88430,4378.299999999999,Strong,0,High Growth
HDFCBANK,10.0,-57587.0,72168,91.0,88430,4378.299999999999,Strong,0,High Growth
HDFCBANK,10.0,-57587.0,72168,91.0,88430,4378.299999999999,Strong,0,High Growth
HDFCBANK,10.0,-57587.0,72168,91.0,88430,4378.299999999999,Strong,0,High Growth
HDFCBANK,10.0,-57587.0,72168,91.0,88430,4378.299999999999,Strong,0,High Growth
HDFCBANK,10.0,-57587.0,72168,91.0,88430,4378.299999999999,Strong,0,High Growth
HDFCBANK,10.0,-57587.0,72168,91.0,88430,4378.299999999999,Strong,0,High Growth
HDFCBANK,10.0,-57587.0,72168,91.0,88430,4378.299999999999,Strong,0,High Growth
HDFCBANK,10.0,-57587.0,72168,91.0,88430,4378.299999999999,Strong,0,High Growth
HDFCBANK,10.0,-57587.0,72168,91.0,88430,4378.299999999999,Strong,0,High Growth
HDFCBANK,10.0,-57587.0,72168,91.0,88430,4378.299999999999,Strong,0,High Growth
HDFCBANK,10.0,-57587.0,72168,91.0,88430,4378.299999999999,Strong,0,High Growth
HDFCBANK,10.0,-57587.0,72168,91.0,88430,4378.299999999999,Strong,0,High Growth
HDFCBANK,10.0,-57587.0,72168,91.0,88430,4378.299999999999,Strong,0,High Growth
HDFCBANK,10.0,-57587.0,72168,91.0,88430,4378.299999999999,Strong,0,High Growth
HDFCBANK,10.0,-57587.0,72168,91.0,88430,4378.299999999999,Strong,0,High Growth
HDFCBANK,10.0,-57587.0,72168,91.0,88430,4378.299999999999,Strong,4,Emerging
HDFCBANK,10.0,-57587.0,72168,91.0,88430,4378.299999999999,Strong,4,Emerging
HDFCBANK,10.0,-57587.0,72168,91.0,88430,4378.299999999999,Strong,4,Emerging
HDFCBANK,10.0,-57587.0,72168,91.0,88430,4378.299999999999,Strong,4,Emerging
HDFCBANK,10.0,-57587.0,72168,91.0,88430,4378.299999999999,Strong,4,Emerging
HDFCBANK,10.0,-57587.0,72168,91.0,88430,4378.299999999999,Strong,4,Emerging
HDFCBANK,10.0,-57587.0,72168,91.0,88430,4378.299999999999,Strong,4,Emerging
HDFCBANK,10.0,-57587.0,72168,91.0,88430,4378.299999999999,Strong,4,Emerging
HDFCBANK,5.0,-57587.0,72168,91.0,88430,4376.299999999999,Strong,2,Value
HDFCBANK,5.0,-57587.0,72168,91.0,88430,4376.299999999999,Strong,2,Value
HDFCBANK,5.0,-57587.0,72168,91.0,88430,4376.299999999999,Strong,2,Value
HDFCBANK,5.0,-57587.0,72168,91.0,88430,4376.299999999999,Strong,2,Value
HDFCBANK,5.0,-57587.0,72168,91.0,88430,4376.299999999999,Strong,2,Value
HDFCBANK,5.0,-57587.0,72168,91.0,88430,4376.299999999999,Strong,2,Value
HDFCBANK,5.0,-57587.0,72168,91.0,88430,4376.299999999999,Strong,2,Value
HDFCBANK,5.0,-57587.0,72168,91.0,88430,4376.299999999999,Strong,2,Value
HDFCBANK,5.0,-57587.0,72168,91.0,88430,4376.299999999999,Strong,2,Value
HDFCBANK,5.0,-57587.0,72168,91.0,88430,4376.299999999999,Strong,2,Value
HDFCBANK,5.0,-57587.0,72168,91.0,88430,4376.299999999999,Strong,2,Value
HDFCBANK,5.0,-57587.0,72168,91.0,88430,4376.299999999999,Strong,2,Value
HDFCBANK,5.0,-57587.0,72168,91.0,88430,4376.299999999999,Strong,2,Value
HDFCBANK,5.0,-57587.0,72168,91.0,88430,4376.299999999999,Strong,2,Value
HDFCBANK,5.0,-57587.0,72168,91.0,88430,4376.299999999999,Strong,2,Value
HDFCBANK,5.0,-57587.0,72168,91.0,88430,4376.299999999999,Strong,2,Value
HDFCBANK,5.0,-57587.0,72168,91.0,88430,4376.299999999999,Strong,2,Value
HDFCBANK,5.0,-57587.0,72168,91.0,88430,4376.299999999999,Strong,2,Value
HDFCBANK,5.0,-57587.0,72168,91.0,88430,4376.299999999999,Strong,2,Value
HDFCBANK,5.0,-57587.0,72168,91.0,88430,4376.299999999999,Strong,2,Value
HDFCBANK,5.0,-57587.0,72168,91.0,88430,4376.299999999999,Strong,0,High Growth
HDFCBANK,5.0,-57587.0,72168,91.0,88430,4376.299999999999,Strong,0,High Growth
HDFCBANK,5.0,-57587.0,72168,91.0,88430,4376.299999999999,Strong,0,High Growth
HDFCBANK,5.0,-57587.0,72168,91.0,88430,4376.299999999999,Strong,0,High Growth
HDFCBANK,5.0,-57587.0,72168,91.0,88430,4376.299999999999,Strong,0,High Growth
HDFCBANK,5.0,-57587.0,72168,91.0,88430,4376.299999999999,Strong,0,High Growth
HDFCBANK,5.0,-57587.0,72168,91.0,88430,4376.299999999999,Strong,0,High Growth
HDFCBANK,5.0,-57587.0,72168,91.0,88430,4376.299999999999,Strong,0,High Growth
HDFCBANK,5.0,-57587.0,72168,91.0,88430,4376.299999999999,Strong,0,High Growth
HDFCBANK,5.0,-57587.0,72168,91.0,88430,4376.299999999999,Strong,0,High Growth
HDFCBANK,5.0,-57587.0,72168,91.0,88430,4376.299999999999,Strong,0,High Growth
HDFCBANK,5.0,-57587.0,72168,91.0,88430,4376.299999999999,Strong,0,High Growth
HDFCBANK,5.0,-57587.0,72168,91.0,88430,4376.299999999999,Strong,0,High Growth
HDFCBANK,5.0,-57587.0,72168,91.0,88430,4376.299999999999,Strong,0,High Growth
HDFCBANK,5.0,-57587.0,72168,91.0,88430,4376.299999999999,Strong,0,High Growth
HDFCBANK,5.0,-57587.0,72168,91.0,88430,4376.299999999999,Strong,0,High Growth
HDFCBANK,5.0,-57587.0,72168,91.0,88430,4376.299999999999,Strong,0,High Growth
HDFCBANK,5.0,-57587.0,72168,91.0,88430,4376.299999999999,Strong,0,High Growth
HDFCBANK,5.0,-57587.0,72168,91.0,88430,4376.299999999999,Strong,0,High Growth
HDFCBANK,5.0,-57587.0,72168,91.0,88430,4376.299999999999,Strong,0,High Growth
HDFCBANK,5.0,-57587.0,72168,91.0,88430,4376.299999999999,Strong,0,High Growth
HDFCBANK,5.0,-57587.0,72168,91.0,88430,4376.299999999999,Strong,0,High Growth
HDFCBANK,5.0,-57587.0,72168,91.0,88430,4376.299999999999,Strong,0,High Growth
HDFCBANK,5.0,-57587.0,72168,91.0,88430,4376.299999999999,Strong,0,High Growth
HDFCBANK,5.0,-57587.0,72168,91.0,88430,4376.299999999999,Strong,4,Emerging
HDFCBANK,5.0,-57587.0,72168,91.0,88430,4376.299999999999,Strong,4,Emerging
HDFCBANK,5.0,-57587.0,72168,91.0,88430,4376.299999999999,Strong,4,Emerging
HDFCBANK,5.0,-57587.0,72168,91.0,88430,4376.299999999999,Strong,4,Emerging
HDFCBANK,5.0,-57587.0,72168,91.0,88430,4376.299999999999,Strong,4,Emerging
HDFCBANK,5.0,-57587.0,72168,91.0,88430,4376.299999999999,Strong,4,Emerging
HDFCBANK,5.0,-57587.0,72168,91.0,88430,4376.299999999999,Strong,4,Emerging
HDFCBANK,5.0,-57587.0,72168,91.0,88430,4376.299999999999,Strong,4,Emerging
HDFCBANK,3.0,-57587.0,72168,91.0,88430,4375.5,Strong,2,Value
HDFCBANK,3.0,-57587.0,72168,91.0,88430,4375.5,Strong,2,Value
HDFCBANK,3.0,-57587.0,72168,91.0,88430,4375.5,Strong,2,Value
HDFCBANK,3.0,-57587.0,72168,91.0,88430,4375.5,Strong,2,Value
HDFCBANK,3.0,-57587.0,72168,91.0,88430,4375.5,Strong,2,Value
HDFCBANK,3.0,-57587.0,72168,91.0,88430,4375.5,Strong,2,Value
HDFCBANK,3.0,-57587.0,72168,91.0,88430,4375.5,Strong,2,Value
HDFCBANK,3.0,-57587.0,72168,91.0,88430,4375.5,Strong,2,Value
HDFCBANK,3.0,-57587.0,72168,91.0,88430,4375.5,Strong,2,Value
HDFCBANK,3.0,-57587.0,72168,91.0,88430,4375.5,Strong,2,Value
HDFCBANK,3.0,-57587.0,72168,91.0,88430,4375.5,Strong,2,Value
HDFCBANK,3.0,-57587.0,72168,91.0,88430,4375.5,Strong,2,Value
HDFCBANK,3.0,-57587.0,72168,91.0,88430,4375.5,Strong,2,Value
HDFCBANK,3.0,-57587.0,72168,91.0,88430,4375.5,Strong,2,Value
HDFCBANK,3.0,-57587.0,72168,91.0,88430,4375.5,Strong,2,Value
HDFCBANK,3.0,-57587.0,72168,91.0,88430,4375.5,Strong,2,Value
HDFCBANK,3.0,-57587.0,72168,91.0,88430,4375.5,Strong,2,Value
HDFCBANK,3.0,-57587.0,72168,91.0,88430,4375.5,Strong,2,Value
HDFCBANK,3.0,-57587.0,72168,91.0,88430,4375.5,Strong,2,Value
HDFCBANK,3.0,-57587.0,72168,91.0,88430,4375.5,Strong,2,Value
HDFCBANK,3.0,-57587.0,72168,91.0,88430,4375.5,Strong,0,High Growth
HDFCBANK,3.0,-57587.0,72168,91.0,88430,4375.5,Strong,0,High Growth
HDFCBANK,3.0,-57587.0,72168,91.0,88430,4375.5,Strong,0,High Growth
HDFCBANK,3.0,-57587.0,72168,91.0,88430,4375.5,Strong,0,High Growth
HDFCBANK,3.0,-57587.0,72168,91.0,88430,4375.5,Strong,0,High Growth
HDFCBANK,3.0,-57587.0,72168,91.0,88430,4375.5,Strong,0,High Growth
HDFCBANK,3.0,-57587.0,72168,91.0,88430,4375.5,Strong,0,High Growth
HDFCBANK,3.0,-57587.0,72168,91.0,88430,4375.5,Strong,0,High Growth
HDFCBANK,3.0,-57587.0,72168,91.0,88430,4375.5,Strong,0,High Growth
HDFCBANK,3.0,-57587.0,72168,91.0,88430,4375.5,Strong,0,High Growth
HDFCBANK,3.0,-57587.0,72168,91.0,88430,4375.5,Strong,0,High Growth
HDFCBANK,3.0,-57587.0,72168,91.0,88430,4375.5,Strong,0,High Growth
HDFCBANK,3.0,-57587.0,72168,91.0,88430,4375.5,Strong,0,High Growth
HDFCBANK,3.0,-57587.0,72168,91.0,88430,4375.5,Strong,0,High Growth
HDFCBANK,3.0,-57587.0,72168,91.0,88430,4375.5,Strong,0,High Growth
HDFCBANK,3.0,-57587.0,72168,91.0,88430,4375.5,Strong,0,High Growth
HDFCBANK,3.0,-57587.0,72168,91.0,88430,4375.5,Strong,0,High Growth
HDFCBANK,3.0,-57587.0,72168,91.0,88430,4375.5,Strong,0,High Growth
HDFCBANK,3.0,-57587.0,72168,91.0,88430,4375.5,Strong,0,High Growth
HDFCBANK,3.0,-57587.0,72168,91.0,88430,4375.5,Strong,0,High Growth
HDFCBANK,3.0,-57587.0,72168,91.0,88430,4375.5,Strong,0,High Growth
HDFCBANK,3.0,-57587.0,72168,91.0,88430,4375.5,Strong,0,High Growth
HDFCBANK,3.0,-57587.0,72168,91.0,88430,4375.5,Strong,0,High Growth
HDFCBANK,3.0,-57587.0,72168,91.0,88430,4375.5,Strong,0,High Growth
HDFCBANK,3.0,-57587.0,72168,91.0,88430,4375.5,Strong,4,Emerging
HDFCBANK,3.0,-57587.0,72168,91.0,88430,4375.5,Strong,4,Emerging
HDFCBANK,3.0,-57587.0,72168,91.0,88430,4375.5,Strong,4,Emerging
HDFCBANK,3.0,-57587.0,72168,91.0,88430,4375.5,Strong,4,Emerging
HDFCBANK,3.0,-57587.0,72168,91.0,88430,4375.5,Strong,4,Emerging
HDFCBANK,3.0,-57587.0,72168,91.0,88430,4375.5,Strong,4,Emerging
HDFCBANK,3.0,-57587.0,72168,91.0,88430,4375.5,Strong,4,Emerging
HDFCBANK,3.0,-57587.0,72168,91.0,88430,4375.5,Strong,4,Emerging
HDFCBANK,17.0,-57587.0,72168,91.0,88430,4381.099999999999,Strong,2,Value
HDFCBANK,17.0,-57587.0,72168,91.0,88430,4381.099999999999,Strong,2,Value
HDFCBANK,17.0,-57587.0,72168,91.0,88430,4381.099999999999,Strong,2,Value
HDFCBANK,17.0,-57587.0,72168,91.0,88430,4381.099999999999,Strong,2,Value
HDFCBANK,17.0,-57587.0,72168,91.0,88430,4381.099999999999,Strong,2,Value
HDFCBANK,17.0,-57587.0,72168,91.0,88430,4381.099999999999,Strong,2,Value
HDFCBANK,17.0,-57587.0,72168,91.0,88430,4381.099999999999,Strong,2,Value
HDFCBANK,17.0,-57587.0,72168,91.0,88430,4381.099999999999,Strong,2,Value
HDFCBANK,17.0,-57587.0,72168,91.0,88430,4381.099999999999,Strong,2,Value
HDFCBANK,17.0,-57587.0,72168,91.0,88430,4381.099999999999,Strong,2,Value
HDFCBANK,17.0,-57587.0,72168,91.0,88430,4381.099999999999,Strong,2,Value
HDFCBANK,17.0,-57587.0,72168,91.0,88430,4381.099999999999,Strong,2,Value
HDFCBANK,17.0,-57587.0,72168,91.0,88430,4381.099999999999,Strong,2,Value
HDFCBANK,17.0,-57587.0,72168,91.0,88430,4381.099999999999,Strong,2,Value
HDFCBANK,17.0,-57587.0,72168,91.0,88430,4381.099999999999,Strong,2,Value
HDFCBANK,17.0,-57587.0,72168,91.0,88430,4381.099999999999,Strong,2,Value
HDFCBANK,17.0,-57587.0,72168,91.0,88430,4381.099999999999,Strong,2,Value
HDFCBANK,17.0,-57587.0,72168,91.0,88430,4381.099999999999,Strong,2,Value
HDFCBANK,17.0,-57587.0,72168,91.0,88430,4381.099999999999,Strong,2,Value
HDFCBANK,17.0,-57587.0,72168,91.0,88430,4381.099999999999,Strong,2,Value
HDFCBANK,17.0,-57587.0,72168,91.0,88430,4381.099999999999,Strong,0,High Growth
HDFCBANK,17.0,-57587.0,72168,91.0,88430,4381.099999999999,Strong,0,High Growth
HDFCBANK,17.0,-57587.0,72168,91.0,88430,4381.099999999999,Strong,0,High Growth
HDFCBANK,17.0,-57587.0,72168,91.0,88430,4381.099999999999,Strong,0,High Growth
HDFCBANK,17.0,-57587.0,72168,91.0,88430,4381.099999999999,Strong,0,High Growth
HDFCBANK,17.0,-57587.0,72168,91.0,88430,4381.099999999999,Strong,0,High Growth
HDFCBANK,17.0,-57587.0,72168,91.0,88430,4381.099999999999,Strong,0,High Growth
HDFCBANK,17.0,-57587.0,72168,91.0,88430,4381.099999999999,Strong,0,High Growth
HDFCBANK,17.0,-57587.0,72168,91.0,88430,4381.099999999999,Strong,0,High Growth
HDFCBANK,17.0,-57587.0,72168,91.0,88430,4381.099999999999,Strong,0,High Growth
HDFCBANK,17.0,-57587.0,72168,91.0,88430,4381.099999999999,Strong,0,High Growth
HDFCBANK,17.0,-57587.0,72168,91.0,88430,4381.099999999999,Strong,0,High Growth
HDFCBANK,17.0,-57587.0,72168,91.0,88430,4381.099999999999,Strong,0,High Growth
HDFCBANK,17.0,-57587.0,72168,91.0,88430,4381.099999999999,Strong,0,High Growth
HDFCBANK,17.0,-57587.0,72168,91.0,88430,4381.099999999999,Strong,0,High Growth
HDFCBANK,17.0,-57587.0,72168,91.0,88430,4381.099999999999,Strong,0,High Growth
HDFCBANK,17.0,-57587.0,72168,91.0,88430,4381.099999999999,Strong,0,High Growth
HDFCBANK,17.0,-57587.0,72168,91.0,88430,4381.099999999999,Strong,0,High Growth
HDFCBANK,17.0,-57587.0,72168,91.0,88430,4381.099999999999,Strong,0,High Growth
HDFCBANK,17.0,-57587.0,72168,91.0,88430,4381.099999999999,Strong,0,High Growth
HDFCBANK,17.0,-57587.0,72168,91.0,88430,4381.099999999999,Strong,0,High Growth
HDFCBANK,17.0,-57587.0,72168,91.0,88430,4381.099999999999,Strong,0,High Growth
HDFCBANK,17.0,-57587.0,72168,91.0,88430,4381.099999999999,Strong,0,High Growth
HDFCBANK,17.0,-57587.0,72168,91.0,88430,4381.099999999999,Strong,0,High Growth
HDFCBANK,17.0,-57587.0,72168,91.0,88430,4381.099999999999,Strong,4,Emerging
HDFCBANK,17.0,-57587.0,72168,91.0,88430,4381.099999999999,Strong,4,Emerging
HDFCBANK,17.0,-57587.0,72168,91.0,88430,4381.099999999999,Strong,4,Emerging
HDFCBANK,17.0,-57587.0,72168,91.0,88430,4381.099999999999,Strong,4,Emerging
HDFCBANK,17.0,-57587.0,72168,91.0,88430,4381.099999999999,Strong,4,Emerging
HDFCBANK,17.0,-57587.0,72168,91.0,88430,4381.099999999999,Strong,4,Emerging
HDFCBANK,17.0,-57587.0,72168,91.0,88430,4381.099999999999,Strong,4,Emerging
HDFCBANK,17.0,-57587.0,72168,91.0,88430,4381.099999999999,Strong,4,Emerging
HINDALCO,0.0,28347.0,13730,61.0,19103,12623.1,Strong,1,Stable
HINDALCO,0.0,28347.0,13730,61.0,19103,12623.1,Strong,1,Stable
HINDALCO,0.0,28347.0,13730,61.0,19103,12623.1,Strong,1,Stable
HINDALCO,0.0,28347.0,13730,61.0,19103,12623.1,Strong,1,Stable
HINDALCO,0.0,28347.0,13730,61.0,19103,12623.1,Strong,1,Stable
HINDALCO,0.0,28347.0,13730,61.0,19103,12623.1,Strong,2,Value
HINDALCO,0.0,28347.0,13730,61.0,19103,12623.1,Strong,2,Value
HINDALCO,0.0,28347.0,13730,61.0,19103,12623.1,Strong,2,Value
HINDALCO,0.0,28347.0,13730,61.0,19103,12623.1,Strong,2,Value
HINDALCO,0.0,28347.0,13730,61.0,19103,12623.1,Strong,0,High Growth
HINDALCO,0.0,28347.0,13730,61.0,19103,12623.1,Strong,0,High Growth
HINDALCO,0.0,28347.0,13730,61.0,19103,12623.1,Strong,0,High Growth
HINDALCO,0.0,28347.0,13730,61.0,19103,12623.1,Strong,0,High Growth
HINDALCO,0.0,27931.0,12488,56.0,17955,12125.7,Strong,1,Stable
HINDALCO,0.0,27931.0,12488,56.0,17955,12125.7,Strong,1,Stable
HINDALCO,0.0,27931.0,12488,56.0,17955,12125.7,Strong,1,Stable
HINDALCO,0.0,27931.0,12488,56.0,17955,12125.7,Strong,1,Stable
HINDALCO,0.0,27931.0,12488,56.0,17955,12125.7,Strong,1,Stable
HINDALCO,0.0,27931.0,12488,56.0,17955,12125.7,Strong,2,Value
HINDALCO,0.0,27931.0,12488,56.0,17955,12125.7,Strong,2,Value
HINDALCO,0.0,27931.0,12488,56.0,17955,12125.7,Strong,2,Value
HINDALCO,0.0,27931.0,12488,56.0,17955,12125.7,Strong,2,Value
HINDALCO,0.0,27931.0,12488,56.0,17955,12125.7,Strong,0,High Growth
HINDALCO,0.0,27931.0,12488,56.0,17955,12125.7,Strong,0,High Growth
HINDALCO,0.0,27931.0,12488,56.0,17955,12125.7,Strong,0,High Growth
HINDALCO,0.0,27931.0,12488,56.0,17955,12125.7,Strong,0,High Growth
ICICIBANK,0.0,-26955.0,10927,16.0,14304,-4808.4,Weak,1,Stable
ICICIBANK,0.0,-26955.0,10927,16.0,14304,-4808.4,Weak,1,Stable
ICICIBANK,0.0,-26955.0,10927,16.0,14304,-4808.4,Weak,1,Stable
ICICIBANK,0.0,-26955.0,10927,16.0,14304,-4808.4,Weak,4,Emerging
ICICIBANK,0.0,-26955.0,10927,16.0,14304,-4808.4,Weak,4,Emerging
ICICIBANK,0.0,-26955.0,10927,16.0,14304,-4808.4,Weak,4,Emerging
ICICIBANK,0.0,-26955.0,10927,16.0,14304,-4808.4,Weak,4,Emerging
ICICIBANK,0.0,-26955.0,10927,16.0,14304,-4808.4,Weak,4,Emerging
ICICIBANK,0.0,-26955.0,10927,16.0,14304,-4808.4,Weak,4,Emerging
ICICIBANK,0.0,-26955.0,10927,16.0,14304,-4808.4,Weak,4,Emerging
ICICIBANK,0.0,-26955.0,10927,16.0,14304,-4808.4,Weak,2,Value
ICICIBANK,0.0,-26955.0,10927,16.0,14304,-4808.4,Weak,2,Value
ICICIBANK,0.0,-26955.0,10927,16.0,14304,-4808.4,Weak,4,Emerging
ICICIBANK,0.0,-37737.0,11340,16.0,13809,-7919.1,Weak,1,Stable
ICICIBANK,0.0,-37737.0,11340,16.0,13809,-7919.1,Weak,1,Stable
ICICIBANK,0.0,-37737.0,11340,16.0,13809,-7919.1,Weak,1,Stable
ICICIBANK,0.0,-37737.0,11340,16.0,13809,-7919.1,Weak,4,Emerging
ICICIBANK,0.0,-37737.0,11340,16.0,13809,-7919.1,Weak,4,Emerging
ICICIBANK,0.0,-37737.0,11340,16.0,13809,-7919.1,Weak,4,Emerging
ICICIBANK,0.0,-37737.0,11340,16.0,13809,-7919.1,Weak,4,Emerging
ICICIBANK,0.0,-37737.0,11340,16.0,13809,-7919.1,Weak,4,Emerging
ICICIBANK,0.0,-37737.0,11340,16.0,13809,-7919.1,Weak,4,Emerging
ICICIBANK,0.0,-37737.0,11340,16.0,13809,-7919.1,Weak,4,Emerging
ICICIBANK,0.0,-37737.0,11340,16.0,13809,-7919.1,Weak,2,Value
ICICIBANK,0.0,-37737.0,11340,16.0,13809,-7919.1,Weak,2,Value
ICICIBANK,0.0,-37737.0,11340,16.0,13809,-7919.1,Weak,4,Emerging
ICICIBANK,0.0,-44906.0,9100,12.0,10978,-10741.8,Weak,1,Stable
ICICIBANK,0.0,-44906.0,9100,12.0,10978,-10741.8,Weak,1,Stable
ICICIBANK,0.0,-44906.0,9100,12.0,10978,-10741.8,Weak,1,Stable
ICICIBANK,0.0,-44906.0,9100,12.0,10978,-10741.8,Weak,4,Emerging
ICICIBANK,0.0,-44906.0,9100,12.0,10978,-10741.8,Weak,4,Emerging
ICICIBANK,0.0,-44906.0,9100,12.0,10978,-10741.8,Weak,4,Emerging
ICICIBANK,0.0,-44906.0,9100,12.0,10978,-10741.8,Weak,4,Emerging
ICICIBANK,0.0,-44906.0,9100,12.0,10978,-10741.8,Weak,4,Emerging
ICICIBANK,0.0,-44906.0,9100,12.0,10978,-10741.8,Weak,4,Emerging
ICICIBANK,0.0,-44906.0,9100,12.0,10978,-10741.8,Weak,4,Emerging
ICICIBANK,0.0,-44906.0,9100,12.0,10978,-10741.8,Weak,2,Value
ICICIBANK,0.0,-44906.0,9100,12.0,10978,-10741.8,Weak,2,Value
ICICIBANK,0.0,-44906.0,9100,12.0,10978,-10741.8,Weak,4,Emerging
ICICIBANK,0.0,-50971.0,5689,7.0,7408,-13584.6,Weak,1,Stable
ICICIBANK,0.0,-50971.0,5689,7.0,7408,-13584.6,Weak,1,Stable
ICICIBANK,0.0,-50971.0,5689,7.0,7408,-13584.6,Weak,1,Stable
ICICIBANK,0.0,-50971.0,5689,7.0,7408,-13584.6,Weak,4,Emerging
ICICIBANK,0.0,-50971.0,5689,7.0,7408,-13584.6,Weak,4,Emerging
ICICIBANK,0.0,-50971.0,5689,7.0,7408,-13584.6,Weak,4,Emerging
ICICIBANK,0.0,-50971.0,5689,7.0,7408,-13584.6,Weak,4,Emerging
ICICIBANK,0.0,-50971.0,5689,7.0,7408,-13584.6,Weak,4,Emerging
ICICIBANK,0.0,-50971.0,5689,7.0,7408,-13584.6,Weak,4,Emerging
ICICIBANK,0.0,-50971.0,5689,7.0,7408,-13584.6,Weak,4,Emerging
ICICIBANK,0.0,-50971.0,5689,7.0,7408,-13584.6,Weak,2,Value
ICICIBANK,0.0,-50971.0,5689,7.0,7408,-13584.6,Weak,2,Value
ICICIBANK,0.0,-50971.0,5689,7.0,7408,-13584.6,Weak,4,Emerging
ICICIBANK,0.0,-45190.0,11225,15.0,18589,-10189.5,Weak,1,Stable
ICICIBANK,0.0,-45190.0,11225,15.0,18589,-10189.5,Weak,1,Stable
ICICIBANK,0.0,-45190.0,11225,15.0,18589,-10189.5,Weak,1,Stable
ICICIBANK,0.0,-45190.0,11225,15.0,18589,-10189.5,Weak,4,Emerging
ICICIBANK,0.0,-45190.0,11225,15.0,18589,-10189.5,Weak,4,Emerging
ICICIBANK,0.0,-45190.0,11225,15.0,18589,-10189.5,Weak,4,Emerging
ICICIBANK,0.0,-45190.0,11225,15.0,18589,-10189.5,Weak,4,Emerging
ICICIBANK,0.0,-45190.0,11225,15.0,18589,-10189.5,Weak,4,Emerging
ICICIBANK,0.0,-45190.0,11225,15.0,18589,-10189.5,Weak,4,Emerging
ICICIBANK,0.0,-45190.0,11225,15.0,18589,-10189.5,Weak,4,Emerging
ICICIBANK,0.0,-45190.0,11225,15.0,18589,-10189.5,Weak,2,Value
ICICIBANK,0.0,-45190.0,11225,15.0,18589,-10189.5,Weak,2,Value
ICICIBANK,0.0,-45190.0,11225,15.0,18589,-10189.5,Weak,4,Emerging
ICICIBANK,0.0,-44805.0,20364,27.0,26028,-7332.3,Weak,1,Stable
ICICIBANK,0.0,-44805.0,20364,27.0,26028,-7332.3,Weak,1,Stable
ICICIBANK,0.0,-44805.0,20364,27.0,26028,-7332.3,Weak,1,Stable
ICICIBANK,0.0,-44805.0,20364,27.0,26028,-7332.3,Weak,4,Emerging
ICICIBANK,0.0,-44805.0,20364,27.0,26028,-7332.3,Weak,4,Emerging
ICICIBANK,0.0,-44805.0,20364,27.0,26028,-7332.3,Weak,4,Emerging
ICICIBANK,0.0,-44805.0,20364,27.0,26028,-7332.3,Weak,4,Emerging
ICICIBANK,0.0,-44805.0,20364,27.0,26028,-7332.3,Weak,4,Emerging
ICICIBANK,0.0,-44805.0,20364,27.0,26028,-7332.3,Weak,4,Emerging
ICICIBANK,0.0,-44805.0,20364,27.0,26028,-7332.3,Weak,4,Emerging
ICICIBANK,0.0,-44805.0,20364,27.0,26028,-7332.3,Weak,2,Value
ICICIBANK,0.0,-44805.0,20364,27.0,26028,-7332.3,Weak,2,Value
ICICIBANK,0.0,-44805.0,20364,27.0,26028,-7332.3,Weak,4,Emerging
ICICIBANK,0.0,-26558.0,26538,36.0,34241,-6.0,Weak,1,Stable
ICICIBANK,0.0,-26558.0,26538,36.0,34241,-6.0,Weak,1,Stable
ICICIBANK,0.0,-26558.0,26538,36.0,34241,-6.0,Weak,1,Stable
ICICIBANK,0.0,-26558.0,26538,36.0,34241,-6.0,Weak,4,Emerging
ICICIBANK,0.0,-26558.0,26538,36.0,34241,-6.0,Weak,4,Emerging
ICICIBANK,0.0,-26558.0,26538,36.0,34241,-6.0,Weak,4,Emerging
ICICIBANK,0.0,-26558.0,26538,36.0,34241,-6.0,Weak,4,Emerging
ICICIBANK,0.0,-26558.0,26538,36.0,34241,-6.0,Weak,4,Emerging
ICICIBANK,0.0,-26558.0,26538,36.0,34241,-6.0,Weak,4,Emerging
ICICIBANK,0.0,-26558.0,26538,36.0,34241,-6.0,Weak,4,Emerging
ICICIBANK,0.0,-26558.0,26538,36.0,34241,-6.0,Weak,2,Value
ICICIBANK,0.0,-26558.0,26538,36.0,34241,-6.0,Weak,2,Value
ICICIBANK,0.0,-26558.0,26538,36.0,34241,-6.0,Weak,4,Emerging
ICICIBANK,0.0,-31575.0,52416,70.0,70242,6252.299999999999,Strong,1,Stable
ICICIBANK,0.0,-31575.0,52416,70.0,70242,6252.299999999999,Strong,1,Stable
ICICIBANK,0.0,-31575.0,52416,70.0,70242,6252.299999999999,Strong,1,Stable
ICICIBANK,0.0,-31575.0,52416,70.0,70242,6252.299999999999,Strong,4,Emerging
ICICIBANK,0.0,-31575.0,52416,70.0,70242,6252.299999999999,Strong,4,Emerging
ICICIBANK,0.0,-31575.0,52416,70.0,70242,6252.299999999999,Strong,4,Emerging
ICICIBANK,0.0,-31575.0,52416,70.0,70242,6252.299999999999,Strong,4,Emerging
ICICIBANK,0.0,-31575.0,52416,70.0,70242,6252.299999999999,Strong,4,Emerging
ICICIBANK,0.0,-31575.0,52416,70.0,70242,6252.299999999999,Strong,4,Emerging
ICICIBANK,0.0,-31575.0,52416,70.0,70242,6252.299999999999,Strong,4,Emerging
ICICIBANK,0.0,-31575.0,52416,70.0,70242,6252.299999999999,Strong,2,Value
ICICIBANK,0.0,-31575.0,52416,70.0,70242,6252.299999999999,Strong,2,Value
ICICIBANK,0.0,-31575.0,52416,70.0,70242,6252.299999999999,Strong,4,Emerging
ONGC,0.0,17.0,57101,39.0,76860,17135.399999999998,Strong,2,Value
ONGC,0.0,17.0,57101,39.0,76860,17135.399999999998,Strong,2,Value
ONGC,0.0,17.0,57101,39.0,76860,17135.399999999998,Strong,2,Value
ONGC,0.0,17.0,57101,39.0,76860,17135.399999999998,Strong,2,Value
ONGC,0.0,17.0,57101,39.0,76860,17135.399999999998,Strong,2,Value
ONGC,0.0,17.0,57101,39.0,76860,17135.399999999998,Strong,2,Value
ONGC,0.0,17.0,57101,39.0,76860,17135.399999999998,Strong,2,Value
ONGC,0.0,17.0,57101,39.0,76860,17135.399999999998,Strong,2,Value
ONGC,0.0,17.0,57101,39.0,76860,17135.399999999998,Strong,2,Value
ONGC,0.0,17.0,57101,39.0,76860,17135.399999999998,Strong,0,High Growth
ONGC,0.0,17.0,57101,39.0,76860,17135.399999999998,Strong,2,Value
ONGC,0.0,17.0,57101,39.0,76860,17135.399999999998,Strong,0,High Growth
ONGC,0.0,17.0,57101,39.0,76860,17135.399999999998,Strong,0,High Growth
RELIANCE,0.0,17.0,53739,39.0,55461,16126.8,Strong,2,Value
RELIANCE,0.0,17.0,53739,39.0,55461,16126.8,Strong,2,Value
RELIANCE,0.0,17.0,53739,39.0,55461,16126.8,Strong,2,Value
RELIANCE,0.0,17.0,53739,39.0,55461,16126.8,Strong,2,Value
RELIANCE,0.0,17.0,53739,39.0,55461,16126.8,Strong,2,Value
RELIANCE,0.0,17.0,53739,39.0,55461,16126.8,Strong,0,High Growth
RELIANCE,0.0,17.0,53739,39.0,55461,16126.8,Strong,0,High Growth
RELIANCE,0.0,17.0,53739,39.0,55461,16126.8,Strong,0,High Growth
RELIANCE,0.0,17.0,53739,39.0,55461,16126.8,Strong,0,High Growth
RELIANCE,0.0,17.0,53739,39.0,55461,16126.8,Strong,0,High Growth
RELIANCE,0.0,17.0,53739,39.0,55461,16126.8,Strong,0,High Growth
RELIANCE,0.0,17.0,53739,39.0,55461,16126.8,Strong,0,High Growth
RELIANCE,0.0,17.0,53739,39.0,55461,16126.8,Strong,0,High Growth
RELIANCE,0.0,16.0,67845,45.0,83815,20358.3,Strong,2,Value
RELIANCE,0.0,16.0,67845,45.0,83815,20358.3,Strong,2,Value
RELIANCE,0.0,16.0,67845,45.0,83815,20358.3,Strong,2,Value
RELIANCE,0.0,16.0,67845,45.0,83815,20358.3,Strong,2,Value
RELIANCE,0.0,16.0,67845,45.0,83815,20358.3,Strong,2,Value
RELIANCE,0.0,16.0,67845,45.0,83815,20358.3,Strong,0,High Growth
RELIANCE,0.0,16.0,67845,45.0,83815,20358.3,Strong,0,High Growth
RELIANCE,0.0,16.0,67845,45.0,83815,20358.3,Strong,0,High Growth
RELIANCE,0.0,16.0,67845,45.0,83815,20358.3,Strong,0,High Growth
RELIANCE,0.0,16.0,67845,45.0,83815,20358.3,Strong,0,High Growth
RELIANCE,0.0,16.0,67845,45.0,83815,20358.3,Strong,0,High Growth
RELIANCE,0.0,16.0,67845,45.0,83815,20358.3,Strong,0,High Growth
RELIANCE,0.0,16.0,67845,45.0,83815,20358.3,Strong,0,High Growth
RELIANCE,0.0,16.0,74088,49.0,94464,22231.2,Strong,2,Value
RELIANCE,0.0,16.0,74088,49.0,94464,22231.2,Strong,2,Value
RELIANCE,0.0,16.0,74088,49.0,94464,22231.2,Strong,2,Value
RELIANCE,0.0,16.0,74088,49.0,94464,22231.2,Strong,2,Value
RELIANCE,0.0,16.0,74088,49.0,94464,22231.2,Strong,2,Value
RELIANCE,0.0,16.0,74088,49.0,94464,22231.2,Strong,0,High Growth
RELIANCE,0.0,16.0,74088,49.0,94464,22231.2,Strong,0,High Growth
RELIANCE,0.0,16.0,74088,49.0,94464,22231.2,Strong,0,High Growth
RELIANCE,0.0,16.0,74088,49.0,94464,22231.2,Strong,0,High Growth
RELIANCE,0.0,16.0,74088,49.0,94464,22231.2,Strong,0,High Growth
RELIANCE,0.0,16.0,74088,49.0,94464,22231.2,Strong,0,High Growth
RELIANCE,0.0,16.0,74088,49.0,94464,22231.2,Strong,0,High Growth
RELIANCE,0.0,16.0,74088,49.0,94464,22231.2,Strong,0,High Growth
RELIANCE,0.0,18.0,79020,51.0,104727,23711.4,Strong,2,Value
RELIANCE,0.0,18.0,79020,51.0,104727,23711.4,Strong,2,Value
RELIANCE,0.0,18.0,79020,51.0,104727,23711.4,Strong,2,Value
RELIANCE,0.0,18.0,79020,51.0,104727,23711.4,Strong,2,Value
RELIANCE,0.0,18.0,79020,51.0,104727,23711.4,Strong,2,Value
RELIANCE,0.0,18.0,79020,51.0,104727,23711.4,Strong,0,High Growth
RELIANCE,0.0,18.0,79020,51.0,104727,23711.4,Strong,0,High Growth
RELIANCE,0.0,18.0,79020,51.0,104727,23711.4,Strong,0,High Growth
RELIANCE,0.0,18.0,79020,51.0,104727,23711.4,Strong,0,High Growth
RELIANCE,0.0,18.0,79020,51.0,104727,23711.4,Strong,0,High Growth
RELIANCE,0.0,18.0,79020,51.0,104727,23711.4,Strong,0,High Growth
RELIANCE,0.0,18.0,79020,51.0,104727,23711.4,Strong,0,High Growth
RELIANCE,0.0,18.0,79020,51.0,104727,23711.4,Strong,0,High Growth
RELIANCE,0.0,17.0,79941,51.0,104634,23987.4,Strong,2,Value
RELIANCE,0.0,17.0,79941,51.0,104634,23987.4,Strong,2,Value
RELIANCE,0.0,17.0,79941,51.0,104634,23987.4,Strong,2,Value
RELIANCE,0.0,17.0,79941,51.0,104634,23987.4,Strong,2,Value
RELIANCE,0.0,17.0,79941,51.0,104634,23987.4,Strong,2,Value
RELIANCE,0.0,17.0,79941,51.0,104634,23987.4,Strong,0,High Growth
RELIANCE,0.0,17.0,79941,51.0,104634,23987.4,Strong,0,High Growth
RELIANCE,0.0,17.0,79941,51.0,104634,23987.4,Strong,0,High Growth
RELIANCE,0.0,17.0,79941,51.0,104634,23987.4,Strong,0,High Growth
RELIANCE,0.0,17.0,79941,51.0,104634,23987.4,Strong,0,High Growth
RELIANCE,0.0,17.0,79941,51.0,104634,23987.4,Strong,0,High Growth
RELIANCE,0.0,17.0,79941,51.0,104634,23987.4,Strong,0,High Growth
RELIANCE,0.0,17.0,79941,51.0,104634,23987.4,Strong,0,High Growth
SBIN,0.0,-12.0,57750,62.0,75399,17321.4,Strong,2,Value
SBIN,0.0,-12.0,57750,62.0,75399,17321.4,Strong,2,Value
SBIN,0.0,-12.0,57750,62.0,75399,17321.4,Strong,2,Value
SBIN,0.0,-12.0,57750,62.0,75399,17321.4,Strong,2,Value
SBIN,0.0,-12.0,57750,62.0,75399,17321.4,Strong,1,Stable
SBIN,0.0,-12.0,57750,62.0,75399,17321.4,Strong,1,Stable
SBIN,0.0,-12.0,57750,62.0,75399,17321.4,Strong,1,Stable
SBIN,0.0,-12.0,57750,62.0,75399,17321.4,Strong,2,Value
SBIN,0.0,-12.0,57750,62.0,75399,17321.4,Strong,2,Value
SBIN,0.0,-12.0,57750,62.0,75399,17321.4,Strong,0,High Growth
SBIN,0.0,-12.0,57750,62.0,75399,17321.4,Strong,0,High Growth
SBIN,0.0,-12.0,57750,62.0,75399,17321.4,Strong,0,High Growth
SBIN,0.0,-12.0,57750,62.0,75399,17321.4,Strong,0,High Growth
SBIN,0.0,-14.0,69543,75.0,91240,20858.7,Strong,2,Value
SBIN,0.0,-14.0,69543,75.0,91240,20858.7,Strong,2,Value
SBIN,0.0,-14.0,69543,75.0,91240,20858.7,Strong,2,Value
SBIN,0.0,-14.0,69543,75.0,91240,20858.7,Strong,2,Value
SBIN,0.0,-14.0,69543,75.0,91240,20858.7,Strong,1,Stable
SBIN,0.0,-14.0,69543,75.0,91240,20858.7,Strong,1,Stable
SBIN,0.0,-14.0,69543,75.0,91240,20858.7,Strong,1,Stable
SBIN,0.0,-14.0,69543,75.0,91240,20858.7,Strong,2,Value
SBIN,0.0,-14.0,69543,75.0,91240,20858.7,Strong,2,Value
SBIN,0.0,-14.0,69543,75.0,91240,20858.7,Strong,0,High Growth
SBIN,0.0,-14.0,69543,75.0,91240,20858.7,Strong,0,High Growth
SBIN,0.0,-14.0,69543,75.0,91240,20858.7,Strong,0,High Growth
SBIN,0.0,-14.0,69543,75.0,91240,20858.7,Strong,0,High Growth
SBIN,0.0,-13.0,74461,80.0,97999,22334.4,Strong,2,Value
SBIN,0.0,-13.0,74461,80.0,97999,22334.4,Strong,2,Value
SBIN,0.0,-13.0,74461,80.0,97999,22334.4,Strong,2,Value
SBIN,0.0,-13.0,74461,80.0,97999,22334.4,Strong,2,Value
SBIN,0.0,-13.0,74461,80.0,97999,22334.4,Strong,1,Stable
SBIN,0.0,-13.0,74461,80.0,97999,22334.4,Strong,1,Stable
SBIN,0.0,-13.0,74461,80.0,97999,22334.4,Strong,1,Stable
SBIN,0.0,-13.0,74461,80.0,97999,22334.4,Strong,2,Value
SBIN,0.0,-13.0,74461,80.0,97999,22334.4,Strong,2,Value
SBIN,0.0,-13.0,74461,80.0,97999,22334.4,Strong,0,High Growth
SBIN,0.0,-13.0,74461,80.0,97999,22334.4,Strong,0,High Growth
SBIN,0.0,-13.0,74461,80.0,97999,22334.4,Strong,0,High Growth
SBIN,0.0,-13.0,74461,80.0,97999,22334.4,Strong,0,High Growth
TCS,52.0,29.0,14076,36.0,18090,4252.3,Strong,2,Value
TCS,52.0,29.0,14076,36.0,18090,4252.3,Strong,2,Value
TCS,52.0,29.0,14076,36.0,18090,4252.3,Strong,2,Value
TCS,52.0,29.0,14076,36.0,18090,4252.3,Strong,3,Moderate
TCS,52.0,29.0,14076,36.0,18090,4252.3,Strong,2,Value
TCS,52.0,29.0,14076,36.0,18090,4252.3,Strong,2,Value
TCS,52.0,29.0,14076,36.0,18090,4252.3,Strong,2,Value
TCS,52.0,29.0,14076,36.0,18090,4252.3,Strong,3,Moderate
TCS,52.0,29.0,14076,36.0,18090,4252.3,Strong,2,Value
TCS,52.0,29.0,14076,36.0,18090,4252.3,Strong,2,Value
TCS,52.0,29.0,14076,36.0,18090,4252.3,Strong,2,Value
TCS,52.0,29.0,14076,36.0,18090,4252.3,Strong,3,Moderate
TCS,52.0,29.0,14076,36.0,18090,4252.3,Strong,2,Value
TCS,52.0,29.0,14076,36.0,18090,4252.3,Strong,2,Value
TCS,52.0,29.0,14076,36.0,18090,4252.3,Strong,2,Value
TCS,52.0,29.0,14076,36.0,18090,4252.3,Strong,3,Moderate
TCS,52.0,29.0,14076,36.0,18090,4252.3,Strong,2,Value
TCS,52.0,29.0,14076,36.0,18090,4252.3,Strong,2,Value
TCS,52.0,29.0,14076,36.0,18090,4252.3,Strong,2,Value
TCS,52.0,29.0,14076,36.0,18090,4252.3,Strong,3,Moderate
TCS,52.0,29.0,14076,36.0,18090,4252.3,Strong,2,Value
TCS,52.0,29.0,14076,36.0,18090,4252.3,Strong,2,Value
TCS,52.0,29.0,14076,36.0,18090,4252.3,Strong,2,Value
TCS,52.0,29.0,14076,36.0,18090,4252.3,Strong,3,Moderate
TCS,52.0,29.0,14076,36.0,18090,4252.3,Strong,2,Value
TCS,52.0,29.0,14076,36.0,18090,4252.3,Strong,2,Value
TCS,52.0,29.0,14076,36.0,18090,4252.3,Strong,2,Value
TCS,52.0,29.0,14076,36.0,18090,4252.3,Strong,3,Moderate
TCS,52.0,29.0,14076,36.0,18090,4252.3,Strong,2,Value
TCS,52.0,29.0,14076,36.0,18090,4252.3,Strong,2,Value
TCS,52.0,29.0,14076,36.0,18090,4252.3,Strong,2,Value
TCS,52.0,29.0,14076,36.0,18090,4252.3,Strong,3,Moderate
TCS,52.0,29.0,14076,36.0,18090,4252.3,Strong,2,Value
TCS,52.0,29.0,14076,36.0,18090,4252.3,Strong,2,Value
TCS,52.0,29.0,14076,36.0,18090,4252.3,Strong,2,Value
TCS,52.0,29.0,14076,36.0,18090,4252.3,Strong,3,Moderate
TCS,52.0,29.0,14076,36.0,18090,4252.3,Strong,0,High Growth
TCS,52.0,29.0,14076,36.0,18090,4252.3,Strong,0,High Growth
TCS,52.0,29.0,14076,36.0,18090,4252.3,Strong,0,High Growth
TCS,52.0,29.0,14076,36.0,18090,4252.3,Strong,3,Moderate
TCS,52.0,29.0,14076,36.0,18090,4252.3,Strong,0,High Growth
TCS,52.0,29.0,14076,36.0,18090,4252.3,Strong,0,High Growth
TCS,52.0,29.0,14076,36.0,18090,4252.3,Strong,0,High Growth
TCS,52.0,29.0,14076,36.0,18090,4252.3,Strong,3,Moderate
TCS,52.0,29.0,14076,36.0,18090,4252.3,Strong,0,High Growth
TCS,52.0,29.0,14076,36.0,18090,4252.3,Strong,0,High Growth
TCS,52.0,29.0,14076,36.0,18090,4252.3,Strong,0,High Growth
TCS,52.0,29.0,14076,36.0,18090,4252.3,Strong,3,Moderate
TCS,52.0,29.0,14076,36.0,18090,4252.3,Strong,0,High Growth
TCS,52.0,29.0,14076,36.0,18090,4252.3,Strong,0,High Growth
TCS,52.0,29.0,14076,36.0,18090,4252.3,Strong,0,High Growth
TCS,52.0,29.0,14076,36.0,18090,4252.3,Strong,3,Moderate
TCS,52.0,31.0,19332,49.0,25402,5829.7,Strong,2,Value
TCS,52.0,31.0,19332,49.0,25402,5829.7,Strong,2,Value
TCS,52.0,31.0,19332,49.0,25402,5829.7,Strong,2,Value
TCS,52.0,31.0,19332,49.0,25402,5829.7,Strong,3,Moderate
TCS,52.0,31.0,19332,49.0,25402,5829.7,Strong,2,Value
TCS,52.0,31.0,19332,49.0,25402,5829.7,Strong,2,Value
TCS,52.0,31.0,19332,49.0,25402,5829.7,Strong,2,Value
TCS,52.0,31.0,19332,49.0,25402,5829.7,Strong,3,Moderate
TCS,52.0,31.0,19332,49.0,25402,5829.7,Strong,2,Value
TCS,52.0,31.0,19332,49.0,25402,5829.7,Strong,2,Value
TCS,52.0,31.0,19332,49.0,25402,5829.7,Strong,2,Value
TCS,52.0,31.0,19332,49.0,25402,5829.7,Strong,3,Moderate
TCS,52.0,31.0,19332,49.0,25402,5829.7,Strong,2,Value
TCS,52.0,31.0,19332,49.0,25402,5829.7,Strong,2,Value
TCS,52.0,31.0,19332,49.0,25402,5829.7,Strong,2,Value
TCS,52.0,31.0,19332,49.0,25402,5829.7,Strong,3,Moderate
TCS,52.0,31.0,19332,49.0,25402,5829.7,Strong,2,Value
TCS,52.0,31.0,19332,49.0,25402,5829.7,Strong,2,Value
TCS,52.0,31.0,19332,49.0,25402,5829.7,Strong,2,Value
TCS,52.0,31.0,19332,49.0,25402,5829.7,Strong,3,Moderate
TCS,52.0,31.0,19332,49.0,25402,5829.7,Strong,2,Value
TCS,52.0,31.0,19332,49.0,25402,5829.7,Strong,2,Value
TCS,52.0,31.0,19332,49.0,25402,5829.7,Strong,2,Value
TCS,52.0,31.0,19332,49.0,25402,5829.7,Strong,3,Moderate
TCS,52.0,31.0,19332,49.0,25402,5829.7,Strong,2,Value
TCS,52.0,31.0,19332,49.0,25402,5829.7,Strong,2,Value
TCS,52.0,31.0,19332,49.0,25402,5829.7,Strong,2,Value
TCS,52.0,31.0,19332,49.0,25402,5829.7,Strong,3,Moderate
TCS,52.0,31.0,19332,49.0,25402,5829.7,Strong,2,Value
TCS,52.0,31.0,19332,49.0,25402,5829.7,Strong,2,Value
TCS,52.0,31.0,19332,49.0,25402,5829.7,Strong,2,Value
TCS,52.0,31.0,19332,49.0,25402,5829.7,Strong,3,Moderate
TCS,52.0,31.0,19332,49.0,25402,5829.7,Strong,2,Value
TCS,52.0,31.0,19332,49.0,25402,5829.7,Strong,2,Value
TCS,52.0,31.0,19332,49.0,25402,5829.7,Strong,2,Value
TCS,52.0,31.0,19332,49.0,25402,5829.7,Strong,3,Moderate
TCS,52.0,31.0,19332,49.0,25402,5829.7,Strong,0,High Growth
TCS,52.0,31.0,19332,49.0,25402,5829.7,Strong,0,High Growth
TCS,52.0,31.0,19332,49.0,25402,5829.7,Strong,0,High Growth
TCS,52.0,31.0,19332,49.0,25402,5829.7,Strong,3,Moderate
TCS,52.0,31.0,19332,49.0,25402,5829.7,Strong,0,High Growth
TCS,52.0,31.0,19332,49.0,25402,5829.7,Strong,0,High Growth
TCS,52.0,31.0,19332,49.0,25402,5829.7,Strong,0,High Growth
TCS,52.0,31.0,19332,49.0,25402,5829.7,Strong,3,Moderate
TCS,52.0,31.0,19332,49.0,25402,5829.7,Strong,0,High Growth
TCS,52.0,31.0,19332,49.0,25402,5829.7,Strong,0,High Growth
TCS,52.0,31.0,19332,49.0,25402,5829.7,Strong,0,High Growth
TCS,52.0,31.0,19332,49.0,25402,5829.7,Strong,3,Moderate
TCS,52.0,31.0,19332,49.0,25402,5829.7,Strong,0,High Growth
TCS,52.0,31.0,19332,49.0,25402,5829.7,Strong,0,High Growth
TCS,52.0,31.0,19332,49.0,25402,5829.7,Strong,0,High Growth
TCS,52.0,31.0,19332,49.0,25402,5829.7,Strong,3,Moderate
TCS,52.0,26.0,20060,51.0,26298,6046.6,Strong,2,Value
TCS,52.0,26.0,20060,51.0,26298,6046.6,Strong,2,Value
TCS,52.0,26.0,20060,51.0,26298,6046.6,Strong,2,Value
TCS,52.0,26.0,20060,51.0,26298,6046.6,Strong,3,Moderate
TCS,52.0,26.0,20060,51.0,26298,6046.6,Strong,2,Value
TCS,52.0,26.0,20060,51.0,26298,6046.6,Strong,2,Value
TCS,52.0,26.0,20060,51.0,26298,6046.6,Strong,2,Value
TCS,52.0,26.0,20060,51.0,26298,6046.6,Strong,3,Moderate
TCS,52.0,26.0,20060,51.0,26298,6046.6,Strong,2,Value
TCS,52.0,26.0,20060,51.0,26298,6046.6,Strong,2,Value
TCS,52.0,26.0,20060,51.0,26298,6046.6,Strong,2,Value
TCS,52.0,26.0,20060,51.0,26298,6046.6,Strong,3,Moderate
TCS,52.0,26.0,20060,51.0,26298,6046.6,Strong,2,Value
TCS,52.0,26.0,20060,51.0,26298,6046.6,Strong,2,Value
TCS,52.0,26.0,20060,51.0,26298,6046.6,Strong,2,Value
TCS,52.0,26.0,20060,51.0,26298,6046.6,Strong,3,Moderate
TCS,52.0,26.0,20060,51.0,26298,6046.6,Strong,2,Value
TCS,52.0,26.0,20060,51.0,26298,6046.6,Strong,2,Value
TCS,52.0,26.0,20060,51.0,26298,6046.6,Strong,2,Value
TCS,52.0,26.0,20060,51.0,26298,6046.6,Strong,3,Moderate
TCS,52.0,26.0,20060,51.0,26298,6046.6,Strong,2,Value
TCS,52.0,26.0,20060,51.0,26298,6046.6,Strong,2,Value
TCS,52.0,26.0,20060,51.0,26298,6046.6,Strong,2,Value
TCS,52.0,26.0,20060,51.0,26298,6046.6,Strong,3,Moderate
TCS,52.0,26.0,20060,51.0,26298,6046.6,Strong,2,Value
TCS,52.0,26.0,20060,51.0,26298,6046.6,Strong,2,Value
TCS,52.0,26.0,20060,51.0,26298,6046.6,Strong,2,Value
TCS,52.0,26.0,20060,51.0,26298,6046.6,Strong,3,Moderate
TCS,52.0,26.0,20060,51.0,26298,6046.6,Strong,2,Value
TCS,52.0,26.0,20060,51.0,26298,6046.6,Strong,2,Value
TCS,52.0,26.0,20060,51.0,26298,6046.6,Strong,2,Value
TCS,52.0,26.0,20060,51.0,26298,6046.6,Strong,3,Moderate
TCS,52.0,26.0,20060,51.0,26298,6046.6,Strong,2,Value
TCS,52.0,26.0,20060,51.0,26298,6046.6,Strong,2,Value
TCS,52.0,26.0,20060,51.0,26298,6046.6,Strong,2,Value
TCS,52.0,26.0,20060,51.0,26298,6046.6,Strong,3,Moderate
TCS,52.0,26.0,20060,51.0,26298,6046.6,Strong,0,High Growth
TCS,52.0,26.0,20060,51.0,26298,6046.6,Strong,0,High Growth
TCS,52.0,26.0,20060,51.0,26298,6046.6,Strong,0,High Growth
TCS,52.0,26.0,20060,51.0,26298,6046.6,Strong,3,Moderate
TCS,52.0,26.0,20060,51.0,26298,6046.6,Strong,0,High Growth
TCS,52.0,26.0,20060,51.0,26298,6046.6,Strong,0,High Growth
TCS,52.0,26.0,20060,51.0,26298,6046.6,Strong,0,High Growth
TCS,52.0,26.0,20060,51.0,26298,6046.6,Strong,3,Moderate
TCS,52.0,26.0,20060,51.0,26298,6046.6,Strong,0,High Growth
TCS,52.0,26.0,20060,51.0,26298,6046.6,Strong,0,High Growth
TCS,52.0,26.0,20060,51.0,26298,6046.6,Strong,0,High Growth
TCS,52.0,26.0,20060,51.0,26298,6046.6,Strong,3,Moderate
TCS,52.0,26.0,20060,51.0,26298,6046.6,Strong,0,High Growth
TCS,52.0,26.0,20060,51.0,26298,6046.6,Strong,0,High Growth
TCS,52.0,26.0,20060,51.0,26298,6046.6,Strong,0,High Growth
TCS,52.0,26.0,20060,51.0,26298,6046.6,Strong,3,Moderate
TCS,52.0,28.0,24338,62.0,31840,7330.599999999999,Strong,2,Value
TCS,52.0,28.0,24338,62.0,31840,7330.599999999999,Strong,2,Value
TCS,52.0,28.0,24338,62.0,31840,7330.599999999999,Strong,2,Value
TCS,52.0,28.0,24338,62.0,31840,7330.599999999999,Strong,3,Moderate
TCS,52.0,28.0,24338,62.0,31840,7330.599999999999,Strong,2,Value
TCS,52.0,28.0,24338,62.0,31840,7330.599999999999,Strong,2,Value
TCS,52.0,28.0,24338,62.0,31840,7330.599999999999,Strong,2,Value
TCS,52.0,28.0,24338,62.0,31840,7330.599999999999,Strong,3,Moderate
TCS,52.0,28.0,24338,62.0,31840,7330.599999999999,Strong,2,Value
TCS,52.0,28.0,24338,62.0,31840,7330.599999999999,Strong,2,Value
TCS,52.0,28.0,24338,62.0,31840,7330.599999999999,Strong,2,Value
TCS,52.0,28.0,24338,62.0,31840,7330.599999999999,Strong,3,Moderate
TCS,52.0,28.0,24338,62.0,31840,7330.599999999999,Strong,2,Value
TCS,52.0,28.0,24338,62.0,31840,7330.599999999999,Strong,2,Value
TCS,52.0,28.0,24338,62.0,31840,7330.599999999999,Strong,2,Value
TCS,52.0,28.0,24338,62.0,31840,7330.599999999999,Strong,3,Moderate
TCS,52.0,28.0,24338,62.0,31840,7330.599999999999,Strong,2,Value
TCS,52.0,28.0,24338,62.0,31840,7330.599999999999,Strong,2,Value
TCS,52.0,28.0,24338,62.0,31840,7330.599999999999,Strong,2,Value
TCS,52.0,28.0,24338,62.0,31840,7330.599999999999,Strong,3,Moderate
TCS,52.0,28.0,24338,62.0,31840,7330.599999999999,Strong,2,Value
TCS,52.0,28.0,24338,62.0,31840,7330.599999999999,Strong,2,Value
TCS,52.0,28.0,24338,62.0,31840,7330.599999999999,Strong,2,Value
TCS,52.0,28.0,24338,62.0,31840,7330.599999999999,Strong,3,Moderate
TCS,52.0,28.0,24338,62.0,31840,7330.599999999999,Strong,2,Value
TCS,52.0,28.0,24338,62.0,31840,7330.599999999999,Strong,2,Value
TCS,52.0,28.0,24338,62.0,31840,7330.599999999999,Strong,2,Value
TCS,52.0,28.0,24338,62.0,31840,7330.599999999999,Strong,3,Moderate
TCS,52.0,28.0,24338,62.0,31840,7330.599999999999,Strong,2,Value
TCS,52.0,28.0,24338,62.0,31840,7330.599999999999,Strong,2,Value
TCS,52.0,28.0,24338,62.0,31840,7330.599999999999,Strong,2,Value
TCS,52.0,28.0,24338,62.0,31840,7330.599999999999,Strong,3,Moderate
TCS,52.0,28.0,24338,62.0,31840,7330.599999999999,Strong,2,Value
TCS,52.0,28.0,24338,62.0,31840,7330.599999999999,Strong,2,Value
TCS,52.0,28.0,24338,62.0,31840,7330.599999999999,Strong,2,Value
TCS,52.0,28.0,24338,62.0,31840,7330.599999999999,Strong,3,Moderate
TCS,52.0,28.0,24338,62.0,31840,7330.599999999999,Strong,0,High Growth
TCS,52.0,28.0,24338,62.0,31840,7330.599999999999,Strong,0,High Growth
TCS,52.0,28.0,24338,62.0,31840,7330.599999999999,Strong,0,High Growth
TCS,52.0,28.0,24338,62.0,31840,7330.599999999999,Strong,3,Moderate
TCS,52.0,28.0,24338,62.0,31840,7330.599999999999,Strong,0,High Growth
TCS,52.0,28.0,24338,62.0,31840,7330.599999999999,Strong,0,High Growth
TCS,52.0,28.0,24338,62.0,31840,7330.599999999999,Strong,0,High Growth
TCS,52.0,28.0,24338,62.0,31840,7330.599999999999,Strong,3,Moderate
TCS,52.0,28.0,24338,62.0,31840,7330.599999999999,Strong,0,High Growth
TCS,52.0,28.0,24338,62.0,31840,7330.599999999999,Strong,0,High Growth
TCS,52.0,28.0,24338,62.0,31840,7330.599999999999,Strong,0,High Growth
TCS,52.0,28.0,24338,62.0,31840,7330.599999999999,Strong,3,Moderate
TCS,52.0,28.0,24338,62.0,31840,7330.599999999999,Strong,0,High Growth
TCS,52.0,28.0,24338,62.0,31840,7330.599999999999,Strong,0,High Growth
TCS,52.0,28.0,24338,62.0,31840,7330.599999999999,Strong,0,High Growth
TCS,52.0,28.0,24338,62.0,31840,7330.599999999999,Strong,3,Moderate
TCS,52.0,27.0,26357,67.0,34513,7935.999999999999,Strong,2,Value
TCS,52.0,27.0,26357,67.0,34513,7935.999999999999,Strong,2,Value
TCS,52.0,27.0,26357,67.0,34513,7935.999999999999,Strong,2,Value
TCS,52.0,27.0,26357,67.0,34513,7935.999999999999,Strong,3,Moderate
TCS,52.0,27.0,26357,67.0,34513,7935.999999999999,Strong,2,Value
TCS,52.0,27.0,26357,67.0,34513,7935.999999999999,Strong,2,Value
TCS,52.0,27.0,26357,67.0,34513,7935.999999999999,Strong,2,Value
TCS,52.0,27.0,26357,67.0,34513,7935.999999999999,Strong,3,Moderate
TCS,52.0,27.0,26357,67.0,34513,7935.999999999999,Strong,2,Value
TCS,52.0,27.0,26357,67.0,34513,7935.999999999999,Strong,2,Value
TCS,52.0,27.0,26357,67.0,34513,7935.999999999999,Strong,2,Value
TCS,52.0,27.0,26357,67.0,34513,7935.999999999999,Strong,3,Moderate
TCS,52.0,27.0,26357,67.0,34513,7935.999999999999,Strong,2,Value
TCS,52.0,27.0,26357,67.0,34513,7935.999999999999,Strong,2,Value
TCS,52.0,27.0,26357,67.0,34513,7935.999999999999,Strong,2,Value
TCS,52.0,27.0,26357,67.0,34513,7935.999999999999,Strong,3,Moderate
TCS,52.0,27.0,26357,67.0,34513,7935.999999999999,Strong,2,Value
TCS,52.0,27.0,26357,67.0,34513,7935.999999999999,Strong,2,Value
TCS,52.0,27.0,26357,67.0,34513,7935.999999999999,Strong,2,Value
TCS,52.0,27.0,26357,67.0,34513,7935.999999999999,Strong,3,Moderate
TCS,52.0,27.0,26357,67.0,34513,7935.999999999999,Strong,2,Value
TCS,52.0,27.0,26357,67.0,34513,7935.999999999999,Strong,2,Value
TCS,52.0,27.0,26357,67.0,34513,7935.999999999999,Strong,2,Value
TCS,52.0,27.0,26357,67.0,34513,7935.999999999999,Strong,3,Moderate
TCS,52.0,27.0,26357,67.0,34513,7935.999999999999,Strong,2,Value
TCS,52.0,27.0,26357,67.0,34513,7935.999999999999,Strong,2,Value
TCS,52.0,27.0,26357,67.0,34513,7935.999999999999,Strong,2,Value
TCS,52.0,27.0,26357,67.0,34513,7935.999999999999,Strong,3,Moderate
TCS,52.0,27.0,26357,67.0,34513,7935.999999999999,Strong,2,Value
TCS,52.0,27.0,26357,67.0,34513,7935.999999999999,Strong,2,Value
TCS,52.0,27.0,26357,67.0,34513,7935.999999999999,Strong,2,Value
TCS,52.0,27.0,26357,67.0,34513,7935.999999999999,Strong,3,Moderate
TCS,52.0,27.0,26357,67.0,34513,7935.999999999999,Strong,2,Value
TCS,52.0,27.0,26357,67.0,34513,7935.999999999999,Strong,2,Value
TCS,52.0,27.0,26357,67.0,34513,7935.999999999999,Strong,2,Value
TCS,52.0,27.0,26357,67.0,34513,7935.999999999999,Strong,3,Moderate
TCS,52.0,27.0,26357,67.0,34513,7935.999999999999,Strong,0,High Growth
TCS,52.0,27.0,26357,67.0,34513,7935.999999999999,Strong,0,High Growth
TCS,52.0,27.0,26357,67.0,34513,7935.999999999999,Strong,0,High Growth
TCS,52.0,27.0,26357,67.0,34513,7935.999999999999,Strong,3,Moderate
TCS,52.0,27.0,26357,67.0,34513,7935.999999999999,Strong,0,High Growth
TCS,52.0,27.0,26357,67.0,34513,7935.999999999999,Strong,0,High Growth
TCS,52.0,27.0,26357,67.0,34513,7935.999999999999,Strong,0,High Growth
TCS,52.0,27.0,26357,67.0,34513,7935.999999999999,Strong,3,Moderate
TCS,52.0,27.0,26357,67.0,34513,7935.999999999999,Strong,0,High Growth
TCS,52.0,27.0,26357,67.0,34513,7935.999999999999,Strong,0,High Growth
TCS,52.0,27.0,26357,67.0,34513,7935.999999999999,Strong,0,High Growth
TCS,52.0,27.0,26357,67.0,34513,7935.999999999999,Strong,3,Moderate
TCS,52.0,27.0,26357,67.0,34513,7935.999999999999,Strong,0,High Growth
TCS,52.0,27.0,26357,67.0,34513,7935.999999999999,Strong,0,High Growth
TCS,52.0,27.0,26357,67.0,34513,7935.999999999999,Strong,0,High Growth
TCS,52.0,27.0,26357,67.0,34513,7935.999999999999,Strong,3,Moderate
TCS,52.0,26.0,25880,67.0,34092,7792.6,Strong,2,Value
TCS,52.0,26.0,25880,67.0,34092,7792.6,Strong,2,Value
TCS,52.0,26.0,25880,67.0,34092,7792.6,Strong,2,Value
TCS,52.0,26.0,25880,67.0,34092,7792.6,Strong,3,Moderate
TCS,52.0,26.0,25880,67.0,34092,7792.6,Strong,2,Value
TCS,52.0,26.0,25880,67.0,34092,7792.6,Strong,2,Value
TCS,52.0,26.0,25880,67.0,34092,7792.6,Strong,2,Value
TCS,52.0,26.0,25880,67.0,34092,7792.6,Strong,3,Moderate
TCS,52.0,26.0,25880,67.0,34092,7792.6,Strong,2,Value
TCS,52.0,26.0,25880,67.0,34092,7792.6,Strong,2,Value
TCS,52.0,26.0,25880,67.0,34092,7792.6,Strong,2,Value
TCS,52.0,26.0,25880,67.0,34092,7792.6,Strong,3,Moderate
TCS,52.0,26.0,25880,67.0,34092,7792.6,Strong,2,Value
TCS,52.0,26.0,25880,67.0,34092,7792.6,Strong,2,Value
TCS,52.0,26.0,25880,67.0,34092,7792.6,Strong,2,Value
TCS,52.0,26.0,25880,67.0,34092,7792.6,Strong,3,Moderate
TCS,52.0,26.0,25880,67.0,34092,7792.6,Strong,2,Value
TCS,52.0,26.0,25880,67.0,34092,7792.6,Strong,2,Value
TCS,52.0,26.0,25880,67.0,34092,7792.6,Strong,2,Value
TCS,52.0,26.0,25880,67.0,34092,7792.6,Strong,3,Moderate
TCS,52.0,26.0,25880,67.0,34092,7792.6,Strong,2,Value
TCS,52.0,26.0,25880,67.0,34092,7792.6,Strong,2,Value
TCS,52.0,26.0,25880,67.0,34092,7792.6,Strong,2,Value
TCS,52.0,26.0,25880,67.0,34092,7792.6,Strong,3,Moderate
TCS,52.0,26.0,25880,67.0,34092,7792.6,Strong,2,Value
TCS,52.0,26.0,25880,67.0,34092,7792.6,Strong,2,Value
TCS,52.0,26.0,25880,67.0,34092,7792.6,Strong,2,Value
TCS,52.0,26.0,25880,67.0,34092,7792.6,Strong,3,Moderate
TCS,52.0,26.0,25880,67.0,34092,7792.6,Strong,2,Value
TCS,52.0,26.0,25880,67.0,34092,7792.6,Strong,2,Value
TCS,52.0,26.0,25880,67.0,34092,7792.6,Strong,2,Value
TCS,52.0,26.0,25880,67.0,34092,7792.6,Strong,3,Moderate
TCS,52.0,26.0,25880,67.0,34092,7792.6,Strong,2,Value
TCS,52.0,26.0,25880,67.0,34092,7792.6,Strong,2,Value
TCS,52.0,26.0,25880,67.0,34092,7792.6,Strong,2,Value
TCS,52.0,26.0,25880,67.0,34092,7792.6,Strong,3,Moderate
TCS,52.0,26.0,25880,67.0,34092,7792.6,Strong,0,High Growth
TCS,52.0,26.0,25880,67.0,34092,7792.6,Strong,0,High Growth
TCS,52.0,26.0,25880,67.0,34092,7792.6,Strong,0,High Growth
TCS,52.0,26.0,25880,67.0,34092,7792.6,Strong,3,Moderate
TCS,52.0,26.0,25880,67.0,34092,7792.6,Strong,0,High Growth
TCS,52.0,26.0,25880,67.0,34092,7792.6,Strong,0,High Growth
TCS,52.0,26.0,25880,67.0,34092,7792.6,Strong,0,High Growth
TCS,52.0,26.0,25880,67.0,34092,7792.6,Strong,3,Moderate
TCS,52.0,26.0,25880,67.0,34092,7792.6,Strong,0,High Growth
TCS,52.0,26.0,25880,67.0,34092,7792.6,Strong,0,High Growth
TCS,52.0,26.0,25880,67.0,34092,7792.6,Strong,0,High Growth
TCS,52.0,26.0,25880,67.0,34092,7792.6,Strong,3,Moderate
TCS,52.0,26.0,25880,67.0,34092,7792.6,Strong,0,High Growth
TCS,52.0,26.0,25880,67.0,34092,7792.6,Strong,0,High Growth
TCS,52.0,26.0,25880,67.0,34092,7792.6,Strong,0,High Growth
TCS,52.0,26.0,25880,67.0,34092,7792.6,Strong,3,Moderate
TCS,52.0,27.0,31562,84.0,41563,9497.5,Strong,2,Value
TCS,52.0,27.0,31562,84.0,41563,9497.5,Strong,2,Value
TCS,52.0,27.0,31562,84.0,41563,9497.5,Strong,2,Value
TCS,52.0,27.0,31562,84.0,41563,9497.5,Strong,3,Moderate
TCS,52.0,27.0,31562,84.0,41563,9497.5,Strong,2,Value
TCS,52.0,27.0,31562,84.0,41563,9497.5,Strong,2,Value
TCS,52.0,27.0,31562,84.0,41563,9497.5,Strong,2,Value
TCS,52.0,27.0,31562,84.0,41563,9497.5,Strong,3,Moderate
TCS,52.0,27.0,31562,84.0,41563,9497.5,Strong,2,Value
TCS,52.0,27.0,31562,84.0,41563,9497.5,Strong,2,Value
TCS,52.0,27.0,31562,84.0,41563,9497.5,Strong,2,Value
TCS,52.0,27.0,31562,84.0,41563,9497.5,Strong,3,Moderate
TCS,52.0,27.0,31562,84.0,41563,9497.5,Strong,2,Value
TCS,52.0,27.0,31562,84.0,41563,9497.5,Strong,2,Value
TCS,52.0,27.0,31562,84.0,41563,9497.5,Strong,2,Value
TCS,52.0,27.0,31562,84.0,41563,9497.5,Strong,3,Moderate
TCS,52.0,27.0,31562,84.0,41563,9497.5,Strong,2,Value
TCS,52.0,27.0,31562,84.0,41563,9497.5,Strong,2,Value
TCS,52.0,27.0,31562,84.0,41563,9497.5,Strong,2,Value
TCS,52.0,27.0,31562,84.0,41563,9497.5,Strong,3,Moderate
TCS,52.0,27.0,31562,84.0,41563,9497.5,Strong,2,Value
TCS,52.0,27.0,31562,84.0,41563,9497.5,Strong,2,Value
TCS,52.0,27.0,31562,84.0,41563,9497.5,Strong,2,Value
TCS,52.0,27.0,31562,84.0,41563,9497.5,Strong,3,Moderate
TCS,52.0,27.0,31562,84.0,41563,9497.5,Strong,2,Value
TCS,52.0,27.0,31562,84.0,41563,9497.5,Strong,2,Value
TCS,52.0,27.0,31562,84.0,41563,9497.5,Strong,2,Value
TCS,52.0,27.0,31562,84.0,41563,9497.5,Strong,3,Moderate
TCS,52.0,27.0,31562,84.0,41563,9497.5,Strong,2,Value
TCS,52.0,27.0,31562,84.0,41563,9497.5,Strong,2,Value
TCS,52.0,27.0,31562,84.0,41563,9497.5,Strong,2,Value
TCS,52.0,27.0,31562,84.0,41563,9497.5,Strong,3,Moderate
TCS,52.0,27.0,31562,84.0,41563,9497.5,Strong,2,Value
TCS,52.0,27.0,31562,84.0,41563,9497.5,Strong,2,Value
TCS,52.0,27.0,31562,84.0,41563,9497.5,Strong,2,Value
TCS,52.0,27.0,31562,84.0,41563,9497.5,Strong,3,Moderate
TCS,52.0,27.0,31562,84.0,41563,9497.5,Strong,0,High Growth
TCS,52.0,27.0,31562,84.0,41563,9497.5,Strong,0,High Growth
TCS,52.0,27.0,31562,84.0,41563,9497.5,Strong,0,High Growth
TCS,52.0,27.0,31562,84.0,41563,9497.5,Strong,3,Moderate
TCS,52.0,27.0,31562,84.0,41563,9497.5,Strong,0,High Growth
TCS,52.0,27.0,31562,84.0,41563,9497.5,Strong,0,High Growth
TCS,52.0,27.0,31562,84.0,41563,9497.5,Strong,0,High Growth
TCS,52.0,27.0,31562,84.0,41563,9497.5,Strong,3,Moderate
TCS,52.0,27.0,31562,84.0,41563,9497.5,Strong,0,High Growth
TCS,52.0,27.0,31562,84.0,41563,9497.5,Strong,0,High Growth
TCS,52.0,27.0,31562,84.0,41563,9497.5,Strong,0,High Growth
TCS,52.0,27.0,31562,84.0,41563,9497.5,Strong,3,Moderate
TCS,52.0,27.0,31562,84.0,41563,9497.5,Strong,0,High Growth
TCS,52.0,27.0,31562,84.0,41563,9497.5,Strong,0,High Growth
TCS,52.0,27.0,31562,84.0,41563,9497.5,Strong,0,High Growth
TCS,52.0,27.0,31562,84.0,41563,9497.5,Strong,3,Moderate
TCS,52.0,27.0,32447,86.0,42248,9763.0,Strong,2,Value
TCS,52.0,27.0,32447,86.0,42248,9763.0,Strong,2,Value
TCS,52.0,27.0,32447,86.0,42248,9763.0,Strong,2,Value
TCS,52.0,27.0,32447,86.0,42248,9763.0,Strong,3,Moderate
TCS,52.0,27.0,32447,86.0,42248,9763.0,Strong,2,Value
TCS,52.0,27.0,32447,86.0,42248,9763.0,Strong,2,Value
TCS,52.0,27.0,32447,86.0,42248,9763.0,Strong,2,Value
TCS,52.0,27.0,32447,86.0,42248,9763.0,Strong,3,Moderate
TCS,52.0,27.0,32447,86.0,42248,9763.0,Strong,2,Value
TCS,52.0,27.0,32447,86.0,42248,9763.0,Strong,2,Value
TCS,52.0,27.0,32447,86.0,42248,9763.0,Strong,2,Value
TCS,52.0,27.0,32447,86.0,42248,9763.0,Strong,3,Moderate
TCS,52.0,27.0,32447,86.0,42248,9763.0,Strong,2,Value
TCS,52.0,27.0,32447,86.0,42248,9763.0,Strong,2,Value
TCS,52.0,27.0,32447,86.0,42248,9763.0,Strong,2,Value
TCS,52.0,27.0,32447,86.0,42248,9763.0,Strong,3,Moderate
TCS,52.0,27.0,32447,86.0,42248,9763.0,Strong,2,Value
TCS,52.0,27.0,32447,86.0,42248,9763.0,Strong,2,Value
TCS,52.0,27.0,32447,86.0,42248,9763.0,Strong,2,Value
TCS,52.0,27.0,32447,86.0,42248,9763.0,Strong,3,Moderate
TCS,52.0,27.0,32447,86.0,42248,9763.0,Strong,2,Value
TCS,52.0,27.0,32447,86.0,42248,9763.0,Strong,2,Value
TCS,52.0,27.0,32447,86.0,42248,9763.0,Strong,2,Value
TCS,52.0,27.0,32447,86.0,42248,9763.0,Strong,3,Moderate
TCS,52.0,27.0,32447,86.0,42248,9763.0,Strong,2,Value
TCS,52.0,27.0,32447,86.0,42248,9763.0,Strong,2,Value
TCS,52.0,27.0,32447,86.0,42248,9763.0,Strong,2,Value
TCS,52.0,27.0,32447,86.0,42248,9763.0,Strong,3,Moderate
TCS,52.0,27.0,32447,86.0,42248,9763.0,Strong,2,Value
TCS,52.0,27.0,32447,86.0,42248,9763.0,Strong,2,Value
TCS,52.0,27.0,32447,86.0,42248,9763.0,Strong,2,Value
TCS,52.0,27.0,32447,86.0,42248,9763.0,Strong,3,Moderate
TCS,52.0,27.0,32447,86.0,42248,9763.0,Strong,2,Value
TCS,52.0,27.0,32447,86.0,42248,9763.0,Strong,2,Value
TCS,52.0,27.0,32447,86.0,42248,9763.0,Strong,2,Value
TCS,52.0,27.0,32447,86.0,42248,9763.0,Strong,3,Moderate
TCS,52.0,27.0,32447,86.0,42248,9763.0,Strong,0,High Growth
TCS,52.0,27.0,32447,86.0,42248,9763.0,Strong,0,High Growth
TCS,52.0,27.0,32447,86.0,42248,9763.0,Strong,0,High Growth
TCS,52.0,27.0,32447,86.0,42248,9763.0,Strong,3,Moderate
TCS,52.0,27.0,32447,86.0,42248,9763.0,Strong,0,High Growth
TCS,52.0,27.0,32447,86.0,42248,9763.0,Strong,0,High Growth
TCS,52.0,27.0,32447,86.0,42248,9763.0,Strong,0,High Growth
TCS,52.0,27.0,32447,86.0,42248,9763.0,Strong,3,Moderate
TCS,52.0,27.0,32447,86.0,42248,9763.0,Strong,0,High Growth
TCS,52.0,27.0,32447,86.0,42248,9763.0,Strong,0,High Growth
TCS,52.0,27.0,32447,86.0,42248,9763.0,Strong,0,High Growth
TCS,52.0,27.0,32447,86.0,42248,9763.0,Strong,3,Moderate
TCS,52.0,27.0,32447,86.0,42248,9763.0,Strong,0,High Growth
TCS,52.0,27.0,32447,86.0,42248,9763.0,Strong,0,High Growth
TCS,52.0,27.0,32447,86.0,42248,9763.0,Strong,0,High Growth
TCS,52.0,27.0,32447,86.0,42248,9763.0,Strong,3,Moderate
TCS,52.0,28.0,32562,88.0,43760,9797.8,Strong,2,Value
TCS,52.0,28.0,32562,88.0,43760,9797.8,Strong,2,Value
TCS,52.0,28.0,32562,88.0,43760,9797.8,Strong,2,Value
TCS,52.0,28.0,32562,88.0,43760,9797.8,Strong,3,Moderate
TCS,52.0,28.0,32562,88.0,43760,9797.8,Strong,2,Value
TCS,52.0,28.0,32562,88.0,43760,9797.8,Strong,2,Value
TCS,52.0,28.0,32562,88.0,43760,9797.8,Strong,2,Value
TCS,52.0,28.0,32562,88.0,43760,9797.8,Strong,3,Moderate
TCS,52.0,28.0,32562,88.0,43760,9797.8,Strong,2,Value
TCS,52.0,28.0,32562,88.0,43760,9797.8,Strong,2,Value
TCS,52.0,28.0,32562,88.0,43760,9797.8,Strong,2,Value
TCS,52.0,28.0,32562,88.0,43760,9797.8,Strong,3,Moderate
TCS,52.0,28.0,32562,88.0,43760,9797.8,Strong,2,Value
TCS,52.0,28.0,32562,88.0,43760,9797.8,Strong,2,Value
TCS,52.0,28.0,32562,88.0,43760,9797.8,Strong,2,Value
TCS,52.0,28.0,32562,88.0,43760,9797.8,Strong,3,Moderate
TCS,52.0,28.0,32562,88.0,43760,9797.8,Strong,2,Value
TCS,52.0,28.0,32562,88.0,43760,9797.8,Strong,2,Value
TCS,52.0,28.0,32562,88.0,43760,9797.8,Strong,2,Value
TCS,52.0,28.0,32562,88.0,43760,9797.8,Strong,3,Moderate
TCS,52.0,28.0,32562,88.0,43760,9797.8,Strong,2,Value
TCS,52.0,28.0,32562,88.0,43760,9797.8,Strong,2,Value
TCS,52.0,28.0,32562,88.0,43760,9797.8,Strong,2,Value
TCS,52.0,28.0,32562,88.0,43760,9797.8,Strong,3,Moderate
TCS,52.0,28.0,32562,88.0,43760,9797.8,Strong,2,Value
TCS,52.0,28.0,32562,88.0,43760,9797.8,Strong,2,Value
TCS,52.0,28.0,32562,88.0,43760,9797.8,Strong,2,Value
TCS,52.0,28.0,32562,88.0,43760,9797.8,Strong,3,Moderate
TCS,52.0,28.0,32562,88.0,43760,9797.8,Strong,2,Value
TCS,52.0,28.0,32562,88.0,43760,9797.8,Strong,2,Value
TCS,52.0,28.0,32562,88.0,43760,9797.8,Strong,2,Value
TCS,52.0,28.0,32562,88.0,43760,9797.8,Strong,3,Moderate
TCS,52.0,28.0,32562,88.0,43760,9797.8,Strong,2,Value
TCS,52.0,28.0,32562,88.0,43760,9797.8,Strong,2,Value
TCS,52.0,28.0,32562,88.0,43760,9797.8,Strong,2,Value
TCS,52.0,28.0,32562,88.0,43760,9797.8,Strong,3,Moderate
TCS,52.0,28.0,32562,88.0,43760,9797.8,Strong,0,High Growth
TCS,52.0,28.0,32562,88.0,43760,9797.8,Strong,0,High Growth
TCS,52.0,28.0,32562,88.0,43760,9797.8,Strong,0,High Growth
TCS,52.0,28.0,32562,88.0,43760,9797.8,Strong,3,Moderate
TCS,52.0,28.0,32562,88.0,43760,9797.8,Strong,0,High Growth
TCS,52.0,28.0,32562,88.0,43760,9797.8,Strong,0,High Growth
TCS,52.0,28.0,32562,88.0,43760,9797.8,Strong,0,High Growth
TCS,52.0,28.0,32562,88.0,43760,9797.8,Strong,3,Moderate
TCS,52.0,28.0,32562,88.0,43760,9797.8,Strong,0,High Growth
TCS,52.0,28.0,32562,88.0,43760,9797.8,Strong,0,High Growth
TCS,52.0,28.0,32562,88.0,43760,9797.8,Strong,0,High Growth
TCS,52.0,28.0,32562,88.0,43760,9797.8,Strong,3,Moderate
TCS,52.0,28.0,32562,88.0,43760,9797.8,Strong,0,High Growth
TCS,52.0,28.0,32562,88.0,43760,9797.8,Strong,0,High Growth
TCS,52.0,28.0,32562,88.0,43760,9797.8,Strong,0,High Growth
TCS,52.0,28.0,32562,88.0,43760,9797.8,Strong,3,Moderate
TCS,52.0,28.0,38449,105.0,51687,11563.9,Strong,2,Value
TCS,52.0,28.0,38449,105.0,51687,11563.9,Strong,2,Value
TCS,52.0,28.0,38449,105.0,51687,11563.9,Strong,2,Value
TCS,52.0,28.0,38449,105.0,51687,11563.9,Strong,3,Moderate
TCS,52.0,28.0,38449,105.0,51687,11563.9,Strong,2,Value
TCS,52.0,28.0,38449,105.0,51687,11563.9,Strong,2,Value
TCS,52.0,28.0,38449,105.0,51687,11563.9,Strong,2,Value
TCS,52.0,28.0,38449,105.0,51687,11563.9,Strong,3,Moderate
TCS,52.0,28.0,38449,105.0,51687,11563.9,Strong,2,Value
TCS,52.0,28.0,38449,105.0,51687,11563.9,Strong,2,Value
TCS,52.0,28.0,38449,105.0,51687,11563.9,Strong,2,Value
TCS,52.0,28.0,38449,105.0,51687,11563.9,Strong,3,Moderate
TCS,52.0,28.0,38449,105.0,51687,11563.9,Strong,2,Value
TCS,52.0,28.0,38449,105.0,51687,11563.9,Strong,2,Value
TCS,52.0,28.0,38449,105.0,51687,11563.9,Strong,2,Value
TCS,52.0,28.0,38449,105.0,51687,11563.9,Strong,3,Moderate
TCS,52.0,28.0,38449,105.0,51687,11563.9,Strong,2,Value
TCS,52.0,28.0,38449,105.0,51687,11563.9,Strong,2,Value
TCS,52.0,28.0,38449,105.0,51687,11563.9,Strong,2,Value
TCS,52.0,28.0,38449,105.0,51687,11563.9,Strong,3,Moderate
TCS,52.0,28.0,38449,105.0,51687,11563.9,Strong,2,Value
TCS,52.0,28.0,38449,105.0,51687,11563.9,Strong,2,Value
TCS,52.0,28.0,38449,105.0,51687,11563.9,Strong,2,Value
TCS,52.0,28.0,38449,105.0,51687,11563.9,Strong,3,Moderate
TCS,52.0,28.0,38449,105.0,51687,11563.9,Strong,2,Value
TCS,52.0,28.0,38449,105.0,51687,11563.9,Strong,2,Value
TCS,52.0,28.0,38449,105.0,51687,11563.9,Strong,2,Value
TCS,52.0,28.0,38449,105.0,51687,11563.9,Strong,3,Moderate
TCS,52.0,28.0,38449,105.0,51687,11563.9,Strong,2,Value
TCS,52.0,28.0,38449,105.0,51687,11563.9,Strong,2,Value
TCS,52.0,28.0,38449,105.0,51687,11563.9,Strong,2,Value
TCS,52.0,28.0,38449,105.0,51687,11563.9,Strong,3,Moderate
TCS,52.0,28.0,38449,105.0,51687,11563.9,Strong,2,Value
TCS,52.0,28.0,38449,105.0,51687,11563.9,Strong,2,Value
TCS,52.0,28.0,38449,105.0,51687,11563.9,Strong,2,Value
TCS,52.0,28.0,38449,105.0,51687,11563.9,Strong,3,Moderate
TCS,52.0,28.0,38449,105.0,51687,11563.9,Strong,0,High Growth
TCS,52.0,28.0,38449,105.0,51687,11563.9,Strong,0,High Growth
TCS,52.0,28.0,38449,105.0,51687,11563.9,Strong,0,High Growth
TCS,52.0,28.0,38449,105.0,51687,11563.9,Strong,3,Moderate
TCS,52.0,28.0,38449,105.0,51687,11563.9,Strong,0,High Growth
TCS,52.0,28.0,38449,105.0,51687,11563.9,Strong,0,High Growth
TCS,52.0,28.0,38449,105.0,51687,11563.9,Strong,0,High Growth
TCS,52.0,28.0,38449,105.0,51687,11563.9,Strong,3,Moderate
TCS,52.0,28.0,38449,105.0,51687,11563.9,Strong,0,High Growth
TCS,52.0,28.0,38449,105.0,51687,11563.9,Strong,0,High Growth
TCS,52.0,28.0,38449,105.0,51687,11563.9,Strong,0,High Growth
TCS,52.0,28.0,38449,105.0,51687,11563.9,Strong,3,Moderate
TCS,52.0,28.0,38449,105.0,51687,11563.9,Strong,0,High Growth
TCS,52.0,28.0,38449,105.0,51687,11563.9,Strong,0,High Growth
TCS,52.0,28.0,38449,105.0,51687,11563.9,Strong,0,High Growth
TCS,52.0,28.0,38449,105.0,51687,11563.9,Strong,3,Moderate
TCS,52.0,26.0,42303,115.0,56907,12719.5,Strong,2,Value
TCS,52.0,26.0,42303,115.0,56907,12719.5,Strong,2,Value
TCS,52.0,26.0,42303,115.0,56907,12719.5,Strong,2,Value
TCS,52.0,26.0,42303,115.0,56907,12719.5,Strong,3,Moderate
TCS,52.0,26.0,42303,115.0,56907,12719.5,Strong,2,Value
TCS,52.0,26.0,42303,115.0,56907,12719.5,Strong,2,Value
TCS,52.0,26.0,42303,115.0,56907,12719.5,Strong,2,Value
TCS,52.0,26.0,42303,115.0,56907,12719.5,Strong,3,Moderate
TCS,52.0,26.0,42303,115.0,56907,12719.5,Strong,2,Value
TCS,52.0,26.0,42303,115.0,56907,12719.5,Strong,2,Value
TCS,52.0,26.0,42303,115.0,56907,12719.5,Strong,2,Value
TCS,52.0,26.0,42303,115.0,56907,12719.5,Strong,3,Moderate
TCS,52.0,26.0,42303,115.0,56907,12719.5,Strong,2,Value
TCS,52.0,26.0,42303,115.0,56907,12719.5,Strong,2,Value
TCS,52.0,26.0,42303,115.0,56907,12719.5,Strong,2,Value
TCS,52.0,26.0,42303,115.0,56907,12719.5,Strong,3,Moderate
TCS,52.0,26.0,42303,115.0,56907,12719.5,Strong,2,Value
TCS,52.0,26.0,42303,115.0,56907,12719.5,Strong,2,Value
TCS,52.0,26.0,42303,115.0,56907,12719.5,Strong,2,Value
TCS,52.0,26.0,42303,115.0,56907,12719.5,Strong,3,Moderate
TCS,52.0,26.0,42303,115.0,56907,12719.5,Strong,2,Value
TCS,52.0,26.0,42303,115.0,56907,12719.5,Strong,2,Value
TCS,52.0,26.0,42303,115.0,56907,12719.5,Strong,2,Value
TCS,52.0,26.0,42303,115.0,56907,12719.5,Strong,3,Moderate
TCS,52.0,26.0,42303,115.0,56907,12719.5,Strong,2,Value
TCS,52.0,26.0,42303,115.0,56907,12719.5,Strong,2,Value
TCS,52.0,26.0,42303,115.0,56907,12719.5,Strong,2,Value
TCS,52.0,26.0,42303,115.0,56907,12719.5,Strong,3,Moderate
TCS,52.0,26.0,42303,115.0,56907,12719.5,Strong,2,Value
TCS,52.0,26.0,42303,115.0,56907,12719.5,Strong,2,Value
TCS,52.0,26.0,42303,115.0,56907,12719.5,Strong,2,Value
TCS,52.0,26.0,42303,115.0,56907,12719.5,Strong,3,Moderate
TCS,52.0,26.0,42303,115.0,56907,12719.5,Strong,2,Value
TCS,52.0,26.0,42303,115.0,56907,12719.5,Strong,2,Value
TCS,52.0,26.0,42303,115.0,56907,12719.5,Strong,2,Value
TCS,52.0,26.0,42303,115.0,56907,12719.5,Strong,3,Moderate
TCS,52.0,26.0,42303,115.0,56907,12719.5,Strong,0,High Growth
TCS,52.0,26.0,42303,115.0,56907,12719.5,Strong,0,High Growth
TCS,52.0,26.0,42303,115.0,56907,12719.5,Strong,0,High Growth
TCS,52.0,26.0,42303,115.0,56907,12719.5,Strong,3,Moderate
TCS,52.0,26.0,42303,115.0,56907,12719.5,Strong,0,High Growth
TCS,52.0,26.0,42303,115.0,56907,12719.5,Strong,0,High Growth
TCS,52.0,26.0,42303,115.0,56907,12719.5,Strong,0,High Growth
TCS,52.0,26.0,42303,115.0,56907,12719.5,Strong,3,Moderate
TCS,52.0,26.0,42303,115.0,56907,12719.5,Strong,0,High Growth
TCS,52.0,26.0,42303,115.0,56907,12719.5,Strong,0,High Growth
TCS,52.0,26.0,42303,115.0,56907,12719.5,Strong,0,High Growth
TCS,52.0,26.0,42303,115.0,56907,12719.5,Strong,3,Moderate
TCS,52.0,26.0,42303,115.0,56907,12719.5,Strong,0,High Growth
TCS,52.0,26.0,42303,115.0,56907,12719.5,Strong,0,High Growth
TCS,52.0,26.0,42303,115.0,56907,12719.5,Strong,0,High Growth
TCS,52.0,26.0,42303,115.0,56907,12719.5,Strong,3,Moderate
TCS,52.0,27.0,46099,127.0,61997,13858.6,Strong,2,Value
TCS,52.0,27.0,46099,127.0,61997,13858.6,Strong,2,Value
TCS,52.0,27.0,46099,127.0,61997,13858.6,Strong,2,Value
TCS,52.0,27.0,46099,127.0,61997,13858.6,Strong,3,Moderate
TCS,52.0,27.0,46099,127.0,61997,13858.6,Strong,2,Value
TCS,52.0,27.0,46099,127.0,61997,13858.6,Strong,2,Value
TCS,52.0,27.0,46099,127.0,61997,13858.6,Strong,2,Value
TCS,52.0,27.0,46099,127.0,61997,13858.6,Strong,3,Moderate
TCS,52.0,27.0,46099,127.0,61997,13858.6,Strong,2,Value
TCS,52.0,27.0,46099,127.0,61997,13858.6,Strong,2,Value
TCS,52.0,27.0,46099,127.0,61997,13858.6,Strong,2,Value
TCS,52.0,27.0,46099,127.0,61997,13858.6,Strong,3,Moderate
TCS,52.0,27.0,46099,127.0,61997,13858.6,Strong,2,Value
TCS,52.0,27.0,46099,127.0,61997,13858.6,Strong,2,Value
TCS,52.0,27.0,46099,127.0,61997,13858.6,Strong,2,Value
TCS,52.0,27.0,46099,127.0,61997,13858.6,Strong,3,Moderate
TCS,52.0,27.0,46099,127.0,61997,13858.6,Strong,2,Value
TCS,52.0,27.0,46099,127.0,61997,13858.6,Strong,2,Value
TCS,52.0,27.0,46099,127.0,61997,13858.6,Strong,2,Value
TCS,52.0,27.0,46099,127.0,61997,13858.6,Strong,3,Moderate
TCS,52.0,27.0,46099,127.0,61997,13858.6,Strong,2,Value
TCS,52.0,27.0,46099,127.0,61997,13858.6,Strong,2,Value
TCS,52.0,27.0,46099,127.0,61997,13858.6,Strong,2,Value
TCS,52.0,27.0,46099,127.0,61997,13858.6,Strong,3,Moderate
TCS,52.0,27.0,46099,127.0,61997,13858.6,Strong,2,Value
TCS,52.0,27.0,46099,127.0,61997,13858.6,Strong,2,Value
TCS,52.0,27.0,46099,127.0,61997,13858.6,Strong,2,Value
TCS,52.0,27.0,46099,127.0,61997,13858.6,Strong,3,Moderate
TCS,52.0,27.0,46099,127.0,61997,13858.6,Strong,2,Value
TCS,52.0,27.0,46099,127.0,61997,13858.6,Strong,2,Value
TCS,52.0,27.0,46099,127.0,61997,13858.6,Strong,2,Value
TCS,52.0,27.0,46099,127.0,61997,13858.6,Strong,3,Moderate
TCS,52.0,27.0,46099,127.0,61997,13858.6,Strong,2,Value
TCS,52.0,27.0,46099,127.0,61997,13858.6,Strong,2,Value
TCS,52.0,27.0,46099,127.0,61997,13858.6,Strong,2,Value
TCS,52.0,27.0,46099,127.0,61997,13858.6,Strong,3,Moderate
TCS,52.0,27.0,46099,127.0,61997,13858.6,Strong,0,High Growth
TCS,52.0,27.0,46099,127.0,61997,13858.6,Strong,0,High Growth
TCS,52.0,27.0,46099,127.0,61997,13858.6,Strong,0,High Growth
TCS,52.0,27.0,46099,127.0,61997,13858.6,Strong,3,Moderate
TCS,52.0,27.0,46099,127.0,61997,13858.6,Strong,0,High Growth
TCS,52.0,27.0,46099,127.0,61997,13858.6,Strong,0,High Growth
TCS,52.0,27.0,46099,127.0,61997,13858.6,Strong,0,High Growth
TCS,52.0,27.0,46099,127.0,61997,13858.6,Strong,3,Moderate
TCS,52.0,27.0,46099,127.0,61997,13858.6,Strong,0,High Growth
TCS,52.0,27.0,46099,127.0,61997,13858.6,Strong,0,High Growth
TCS,52.0,27.0,46099,127.0,61997,13858.6,Strong,0,High Growth
TCS,52.0,27.0,46099,127.0,61997,13858.6,Strong,3,Moderate
TCS,52.0,27.0,46099,127.0,61997,13858.6,Strong,0,High Growth
TCS,52.0,27.0,46099,127.0,61997,13858.6,Strong,0,High Growth
TCS,52.0,27.0,46099,127.0,61997,13858.6,Strong,0,High Growth
TCS,52.0,27.0,46099,127.0,61997,13858.6,Strong,3,Moderate
TCS,52.0,27.0,49006,135.0,65778,14730.7,Strong,2,Value
TCS,52.0,27.0,49006,135.0,65778,14730.7,Strong,2,Value
TCS,52.0,27.0,49006,135.0,65778,14730.7,Strong,2,Value
TCS,52.0,27.0,49006,135.0,65778,14730.7,Strong,3,Moderate
TCS,52.0,27.0,49006,135.0,65778,14730.7,Strong,2,Value
TCS,52.0,27.0,49006,135.0,65778,14730.7,Strong,2,Value
TCS,52.0,27.0,49006,135.0,65778,14730.7,Strong,2,Value
TCS,52.0,27.0,49006,135.0,65778,14730.7,Strong,3,Moderate
TCS,52.0,27.0,49006,135.0,65778,14730.7,Strong,2,Value
TCS,52.0,27.0,49006,135.0,65778,14730.7,Strong,2,Value
TCS,52.0,27.0,49006,135.0,65778,14730.7,Strong,2,Value
TCS,52.0,27.0,49006,135.0,65778,14730.7,Strong,3,Moderate
TCS,52.0,27.0,49006,135.0,65778,14730.7,Strong,2,Value
TCS,52.0,27.0,49006,135.0,65778,14730.7,Strong,2,Value
TCS,52.0,27.0,49006,135.0,65778,14730.7,Strong,2,Value
TCS,52.0,27.0,49006,135.0,65778,14730.7,Strong,3,Moderate
TCS,52.0,27.0,49006,135.0,65778,14730.7,Strong,2,Value
TCS,52.0,27.0,49006,135.0,65778,14730.7,Strong,2,Value
TCS,52.0,27.0,49006,135.0,65778,14730.7,Strong,2,Value
TCS,52.0,27.0,49006,135.0,65778,14730.7,Strong,3,Moderate
TCS,52.0,27.0,49006,135.0,65778,14730.7,Strong,2,Value
TCS,52.0,27.0,49006,135.0,65778,14730.7,Strong,2,Value
TCS,52.0,27.0,49006,135.0,65778,14730.7,Strong,2,Value
TCS,52.0,27.0,49006,135.0,65778,14730.7,Strong,3,Moderate
TCS,52.0,27.0,49006,135.0,65778,14730.7,Strong,2,Value
TCS,52.0,27.0,49006,135.0,65778,14730.7,Strong,2,Value
TCS,52.0,27.0,49006,135.0,65778,14730.7,Strong,2,Value
TCS,52.0,27.0,49006,135.0,65778,14730.7,Strong,3,Moderate
TCS,52.0,27.0,49006,135.0,65778,14730.7,Strong,2,Value
TCS,52.0,27.0,49006,135.0,65778,14730.7,Strong,2,Value
TCS,52.0,27.0,49006,135.0,65778,14730.7,Strong,2,Value
TCS,52.0,27.0,49006,135.0,65778,14730.7,Strong,3,Moderate
TCS,52.0,27.0,49006,135.0,65778,14730.7,Strong,2,Value
TCS,52.0,27.0,49006,135.0,65778,14730.7,Strong,2,Value
TCS,52.0,27.0,49006,135.0,65778,14730.7,Strong,2,Value
TCS,52.0,27.0,49006,135.0,65778,14730.7,Strong,3,Moderate
TCS,52.0,27.0,49006,135.0,65778,14730.7,Strong,0,High Growth
TCS,52.0,27.0,49006,135.0,65778,14730.7,Strong,0,High Growth
TCS,52.0,27.0,49006,135.0,65778,14730.7,Strong,0,High Growth
TCS,52.0,27.0,49006,135.0,65778,14730.7,Strong,3,Moderate
TCS,52.0,27.0,49006,135.0,65778,14730.7,Strong,0,High Growth
TCS,52.0,27.0,49006,135.0,65778,14730.7,Strong,0,High Growth
TCS,52.0,27.0,49006,135.0,65778,14730.7,Strong,0,High Growth
TCS,52.0,27.0,49006,135.0,65778,14730.7,Strong,3,Moderate
TCS,52.0,27.0,49006,135.0,65778,14730.7,Strong,0,High Growth
TCS,52.0,27.0,49006,135.0,65778,14730.7,Strong,0,High Growth
TCS,52.0,27.0,49006,135.0,65778,14730.7,Strong,0,High Growth
TCS,52.0,27.0,49006,135.0,65778,14730.7,Strong,3,Moderate
TCS,52.0,27.0,49006,135.0,65778,14730.7,Strong,0,High Growth
TCS,52.0,27.0,49006,135.0,65778,14730.7,Strong,0,High Growth
TCS,52.0,27.0,49006,135.0,65778,14730.7,Strong,0,High Growth
TCS,52.0,27.0,49006,135.0,65778,14730.7,Strong,3,Moderate
