Metric,Value
Companies,5.0
Average Score,45.19243093108949
Average Allocation,20.002000000000002
Highest Score,73.18932546730971
Lowest Score,25.274905553121737
